"trajID";"REAL";"PoiPopularity";"PoiRank";"Markov";"MarkovPath";"Rank+Markov";"Rank+MarkovPath";"StructuredSVM";"PersTour";"PersTour-L"
14;"[81, 75, 56, 57, 78, 55]";"[81, 71, 82, 32, 50, 55]";"[81, 71, 82, 50, 35, 55]";"[81, 68, 70, 68, 57, 55]";"[81, 45, 68, 70, 57, 55]";"[81, 50, 81, 50, 81, 55]";"[81, 50, 82, 45, 68, 55]";"[81, 44, 75, 67, 63, 55]";"NA";"NA"
63;"[40, 17, 14]";"[40, 71, 14]";"[40, 71, 14]";"[40, 9, 14]";"[40, 9, 14]";"[40, 35, 14]";"[40, 35, 14]";"[40, 35, 14]";"[40, 35, 13, 0, 25, 27, 14]";"[40, 9, 14]"
64;"[40, 2, 9, 32]";"[40, 71, 82, 32]";"[40, 71, 82, 32]";"[40, 22, 11, 32]";"[40, 11, 22, 32]";"[40, 9, 35, 32]";"[40, 9, 35, 32]";"[40, 11, 35, 32]";"[40, 35, 70, 13, 71, 67, 0, 25, 27, 42, 32]";"[40, 9, 18, 32]"
78;"[16, 41, 22]";"[16, 71, 22]";"[16, 71, 22]";"[16, 11, 22]";"[16, 11, 22]";"[16, 41, 22]";"[16, 41, 22]";"[16, 84, 22]";"[16, 70, 13, 22]";"[16, 9, 22]"
129;"[23, 40, 3]";"[23, 71, 3]";"[23, 71, 3]";"[23, 39, 3]";"[23, 39, 3]";"[23, 81, 3]";"[23, 81, 3]";"[23, 22, 3]";"[23, 70, 50, 71, 44, 0, 31, 68, 51, 69, 3]";"[23, 25, 3]"
143;"[41, 36, 55, 71, 81, 50]";"[41, 71, 82, 32, 35, 50]";"[41, 71, 82, 35, 32, 50]";"[41, 11, 22, 11, 81, 50]";"[41, 11, 22, 9, 81, 50]";"[41, 70, 81, 50, 81, 50]";"[41, 9, 35, 70, 81, 50]";"[41, 84, 41, 35, 70, 50]";"[41, 22, 84, 9, 35, 71, 0, 25, 27, 13, 50]";"[41, 9, 25, 71, 27, 50]"
145;"[82, 50, 15, 70, 69, 48, 40, 84]";"[82, 71, 32, 50, 35, 9, 81, 84]";"[82, 71, 50, 35, 32, 81, 15, 84]";"[82, 22, 11, 22, 11, 22, 11, 84]";"[82, 68, 70, 81, 9, 22, 11, 84]";"[82, 81, 50, 81, 50, 81, 50, 84]";"[82, 35, 9, 81, 50, 70, 45, 84]";"[82, 84, 70, 15, 82, 50, 82, 84]";"[82, 0, 44, 50, 35, 13, 42, 38, 36, 84]";"[82, 41, 32, 39, 40, 35, 37, 84]"
147;"[41, 22, 21, 84]";"[41, 71, 82, 84]";"[41, 71, 32, 84]";"[41, 22, 11, 84]";"[41, 11, 22, 84]";"[41, 22, 41, 84]";"[41, 32, 22, 84]";"[41, 84, 22, 84]";"[41, 9, 13, 0, 71, 84]";"[41, 71, 25, 84]"
150;"[71, 67, 81, 27]";"[71, 82, 32, 27]";"[71, 82, 50, 27]";"[71, 81, 45, 27]";"[71, 81, 45, 27]";"[71, 81, 50, 27]";"[71, 81, 50, 27]";"[71, 25, 70, 27]";"[71, 81, 82, 0, 27]";"[71, 82, 81, 27]"
166;"[9, 44, 81]";"[9, 71, 81]";"[9, 71, 81]";"[9, 40, 81]";"[9, 40, 81]";"[9, 35, 81]";"[9, 35, 81]";"[9, 22, 81]";"[9, 35, 13, 0, 81]";"[9, 71, 81]"
191;"[78, 6, 23, 45, 71]";"[78, 82, 32, 50, 71]";"[78, 82, 50, 35, 71]";"[78, 81, 68, 81, 71]";"[78, 45, 68, 81, 71]";"[78, 81, 50, 81, 71]";"[78, 81, 68, 50, 71]";"[78, 71, 68, 39, 71]";"[78, 51, 48, 69, 22, 84, 9, 35, 70, 50, 13, 27, 25, 45, 0, 81, 71]";"[78, 9, 41, 25, 71]"
198;"[50, 9, 11, 40]";"[50, 71, 82, 40]";"[50, 71, 82, 40]";"[50, 68, 81, 40]";"[50, 70, 81, 40]";"[50, 70, 81, 40]";"[50, 70, 81, 40]";"[50, 70, 2, 40]";"[50, 70, 13, 71, 0, 45, 25, 27, 84, 69, 40]";"[50, 82, 81, 40]"
200;"[2, 32, 15]";"[2, 71, 15]";"[2, 71, 15]";"[2, 40, 15]";"[2, 40, 15]";"[2, 35, 15]";"[2, 35, 15]";"[2, 50, 15]";"[2, 35, 13, 15]";"[2, 82, 15]"
202;"[2, 4, 50, 82, 71]";"[2, 82, 32, 50, 71]";"[2, 82, 50, 35, 71]";"[2, 81, 68, 81, 71]";"[2, 40, 70, 81, 71]";"[2, 81, 50, 81, 71]";"[2, 35, 81, 50, 71]";"[2, 40, 2, 40, 71]";"[2, 39, 40, 37, 41, 32, 27, 25, 45, 0, 44, 15, 13, 35, 50, 71]";"[2, 9, 20, 18, 71]"
206;"[71, 81, 0]";"[71, 82, 0]";"[71, 82, 0]";"[71, 81, 0]";"[71, 81, 0]";"[71, 81, 0]";"[71, 81, 0]";"[71, 82, 0]";"[71, 9, 18, 8, 13, 17, 15, 0]";"[71, 25, 0]"
212;"[21, 19, 44]";"[21, 71, 44]";"[21, 71, 44]";"[21, 81, 44]";"[21, 81, 44]";"[21, 81, 44]";"[21, 81, 44]";"[21, 45, 44]";"[21, 84, 71, 0, 44]";"[21, 71, 44]"
224;"[15, 13, 40]";"[15, 71, 40]";"[15, 71, 40]";"[15, 9, 40]";"[15, 9, 40]";"[15, 9, 40]";"[15, 9, 40]";"[15, 35, 40]";"[15, 13, 40]";"[15, 71, 40]"
225;"[17, 13, 18, 23, 9]";"[17, 71, 82, 32, 9]";"[17, 71, 82, 50, 9]";"[17, 81, 68, 81, 9]";"[17, 8, 15, 14, 9]";"[17, 15, 9, 35, 9]";"[17, 15, 81, 35, 9]";"[17, 13, 70, 15, 9]";"[17, 13, 8, 18, 9]";"[17, 32, 41, 71, 9]"
228;"[71, 25, 32]";"[71, 82, 32]";"[71, 82, 32]";"[71, 81, 32]";"[71, 81, 32]";"[71, 81, 32]";"[71, 81, 32]";"[71, 35, 32]";"[71, 70, 13, 17, 15, 8, 18, 9, 22, 42, 32]";"[71, 41, 32]"
232;"[71, 82, 85]";"[71, 82, 85]";"[71, 82, 85]";"[71, 81, 85]";"[71, 81, 85]";"[71, 81, 85]";"[71, 81, 85]";"[71, 25, 85]";"[71, 15, 17, 13, 9, 18, 8, 42, 85]";"[71, 41, 85]"
241;"[74, 34, 76]";"[74, 71, 76]";"[74, 71, 76]";"[74, 51, 76]";"[74, 51, 76]";"[74, 34, 76]";"[74, 34, 76]";"[74, 49, 76]";"[74, 0, 49, 76]";"[74, 57, 76]"
245;"[46, 25, 45, 71, 32, 23, 8]";"[46, 71, 82, 32, 50, 35, 8]";"[46, 71, 82, 50, 45, 32, 8]";"[46, 68, 70, 68, 70, 81, 8]";"[46, 70, 68, 81, 40, 9, 8]";"[46, 81, 45, 81, 45, 81, 8]";"[46, 82, 50, 70, 45, 81, 8]";"[46, 78, 35, 44, 45, 14, 8]";"[46, 25, 0, 71, 39, 40, 37, 36, 41, 42, 32, 9, 35, 13, 8]";"[46, 57, 63, 56, 55, 59, 8]"
290;"[2, 82, 75]";"[2, 71, 75]";"[2, 71, 75]";"[2, 40, 75]";"[2, 40, 75]";"[2, 81, 75]";"[2, 81, 75]";"[2, 76, 75]";"[2, 35, 13, 0, 75]";"[2, 71, 75]"
291;"[50, 71, 75, 84, 41, 22, 9]";"[50, 71, 82, 32, 35, 81, 9]";"[50, 71, 82, 35, 32, 81, 9]";"[50, 70, 68, 70, 68, 81, 9]";"[50, 68, 70, 45, 81, 40, 9]";"[50, 81, 50, 81, 50, 81, 9]";"[50, 70, 81, 45, 82, 35, 9]";"[50, 9, 70, 50, 9, 50, 9]";"[50, 71, 81, 0, 29, 25, 27, 13, 35, 84, 9]";"[50, 25, 26, 27, 41, 71, 9]"
311;"[15, 50, 9, 32]";"[15, 71, 82, 32]";"[15, 71, 82, 32]";"[15, 22, 11, 32]";"[15, 11, 22, 32]";"[15, 9, 35, 32]";"[15, 9, 35, 32]";"[15, 13, 17, 32]";"[15, 17, 13, 9, 32]";"[15, 9, 18, 32]"
313;"[9, 22, 19]";"[9, 71, 19]";"[9, 71, 19]";"[9, 23, 19]";"[9, 23, 19]";"[9, 23, 19]";"[9, 23, 19]";"[9, 41, 19]";"[9, 13, 50, 42, 19]";"[9, 41, 19]"
325;"[32, 18, 8]";"[32, 71, 8]";"[32, 71, 8]";"[32, 9, 8]";"[32, 9, 8]";"[32, 9, 8]";"[32, 9, 8]";"[32, 40, 8]";"[32, 9, 8]";"[32, 41, 8]"
328;"[44, 31, 43]";"[44, 71, 43]";"[44, 71, 43]";"[44, 81, 43]";"[44, 81, 43]";"[44, 81, 43]";"[44, 81, 43]";"[44, 31, 43]";"[44, 71, 70, 9, 42, 18, 8, 13, 15, 0, 29, 43]";"[44, 41, 43]"
337;"[2, 40, 0]";"[2, 71, 0]";"[2, 71, 0]";"[2, 81, 0]";"[2, 81, 0]";"[2, 81, 0]";"[2, 81, 0]";"[2, 82, 0]";"[2, 22, 84, 19, 42, 9, 18, 8, 13, 17, 15, 70, 50, 71, 44, 0]";"[2, 41, 0]"
339;"[71, 70, 9]";"[71, 82, 9]";"[71, 82, 9]";"[71, 81, 9]";"[71, 81, 9]";"[71, 81, 9]";"[71, 81, 9]";"[71, 22, 9]";"[71, 70, 9]";"[71, 41, 9]"
342;"[41, 9, 35, 82, 81, 71]";"[41, 82, 32, 50, 35, 71]";"[41, 82, 50, 35, 32, 71]";"[41, 11, 22, 11, 81, 71]";"[41, 11, 22, 9, 81, 71]";"[41, 81, 50, 81, 50, 71]";"[41, 35, 70, 81, 50, 71]";"[41, 45, 71, 22, 41, 71]";"[41, 22, 84, 16, 19, 38, 42, 14, 8, 18, 23, 9, 70, 50, 13, 17, 15, 45, 29, 0, 44, 81, 71]";"[41, 81, 82, 84, 85, 71]"
345;"[50, 70, 35]";"[50, 71, 35]";"[50, 71, 35]";"[50, 81, 35]";"[50, 81, 35]";"[50, 81, 35]";"[50, 81, 35]";"[50, 71, 35]";"[50, 70, 35]";"[50, 41, 35]"
368;"[44, 50, 82, 71, 15, 32, 84, 41, 9]";"[44, 71, 82, 32, 50, 35, 81, 45, 9]";"[44, 71, 82, 50, 81, 35, 32, 45, 9]";"[44, 70, 68, 70, 68, 70, 68, 81, 9]";"[44, 68, 70, 81, 14, 17, 15, 8, 9]";"[44, 81, 50, 81, 50, 81, 50, 81, 9]";"[44, 81, 50, 70, 68, 45, 82, 35, 9]";"[44, 80, 71, 81, 44, 45, 71, 81, 9]";"[44, 0, 15, 13, 17, 14, 42, 16, 22, 18, 8, 9]";"[44, 19, 14, 22, 18, 11, 21, 20, 9]"
385;"[27, 15, 82, 71]";"[27, 82, 32, 71]";"[27, 82, 50, 71]";"[27, 81, 45, 71]";"[27, 81, 45, 71]";"[27, 81, 50, 71]";"[27, 81, 50, 71]";"[27, 71, 31, 71]";"[27, 25, 13, 0, 71]";"[27, 9, 25, 71]"
392;"[12, 20, 82, 75, 49, 34, 74, 31, 81, 44]";"[12, 71, 82, 32, 50, 35, 9, 81, 45, 44]";"[12, 71, 82, 81, 50, 45, 31, 35, 15, 44]";"[12, 11, 22, 11, 22, 11, 22, 11, 81, 44]";"[12, 23, 9, 40, 68, 70, 45, 27, 81, 44]";"[12, 81, 45, 81, 45, 81, 45, 68, 81, 44]";"[12, 15, 35, 70, 68, 81, 45, 82, 50, 44]";"NA";"[12, 0, 29, 25, 27, 42, 84, 22, 9, 35, 70, 13, 50, 71, 81, 44]";"[12, 41, 25, 71, 32, 26, 27, 9, 18, 44]"
394;"[73, 38, 69, 48, 51, 40, 39, 2]";"[73, 71, 82, 32, 50, 35, 9, 2]";"[73, 71, 82, 32, 50, 35, 41, 2]";"[73, 22, 11, 22, 11, 22, 11, 2]";"[73, 48, 70, 68, 45, 27, 81, 2]";"[73, 81, 50, 70, 81, 50, 81, 2]";"[73, 81, 50, 70, 82, 9, 35, 2]";"[73, 38, 19, 71, 69, 48, 3, 2]";"NA";"NA"
395;"[85, 1, 42, 21, 19, 71, 31, 69, 3, 61, 34, 15, 25]";"[85, 71, 82, 32, 50, 35, 9, 81, 45, 41, 26, 84, 25]";"[85, 71, 82, 50, 45, 32, 27, 81, 35, 15, 14, 9, 25]";"[85, 11, 22, 11, 22, 11, 22, 11, 22, 11, 22, 11, 25]";"[85, 84, 22, 11, 21, 9, 40, 68, 70, 81, 45, 27, 25]";"[85, 45, 81, 45, 81, 45, 81, 45, 81, 45, 81, 45, 25]";"[85, 32, 14, 15, 9, 35, 70, 81, 50, 82, 45, 27, 25]";"[85, 82, 25, 85, 14, 85, 14, 85, 14, 85, 1, 46, 25]";"NA";"NA"
413;"[82, 71, 26]";"[82, 71, 26]";"[82, 71, 26]";"[82, 45, 26]";"[82, 45, 26]";"[82, 50, 26]";"[82, 50, 26]";"[82, 3, 26]";"[82, 13, 70, 77, 69, 79, 26]";"[82, 71, 26]"
414;"[71, 22, 84]";"[71, 82, 84]";"[71, 82, 84]";"[71, 81, 84]";"[71, 81, 84]";"[71, 81, 84]";"[71, 81, 84]";"[71, 40, 84]";"[71, 50, 13, 84]";"[71, 25, 84]"
438;"[15, 82, 0, 31, 81, 44, 13]";"[15, 71, 82, 32, 50, 35, 13]";"[15, 71, 82, 50, 35, 32, 13]";"[15, 11, 22, 11, 22, 11, 13]";"[15, 9, 40, 70, 68, 81, 13]";"[15, 81, 50, 81, 50, 81, 13]";"[15, 81, 50, 82, 35, 9, 13]";"[15, 17, 13, 15, 13, 15, 13]";"[15, 71, 0, 25, 27, 13]";"[15, 41, 9, 71, 25, 27, 13]"
440;"[4, 36, 41, 84, 70, 17, 15, 82, 81]";"[4, 71, 82, 32, 50, 35, 9, 45, 81]";"[4, 71, 82, 50, 32, 35, 41, 84, 81]";"[4, 11, 22, 11, 22, 11, 22, 11, 81]";"[4, 41, 22, 11, 9, 40, 70, 68, 81]";"[4, 50, 81, 50, 81, 50, 81, 50, 81]";"[4, 32, 22, 9, 35, 70, 82, 50, 81]";"[4, 71, 13, 70, 69, 48, 3, 14, 81]";"[4, 84, 9, 35, 50, 71, 0, 25, 13, 81]";"[4, 9, 27, 41, 25, 71, 26, 32, 81]"
443;"[15, 50, 71]";"[15, 82, 71]";"[15, 82, 71]";"[15, 81, 71]";"[15, 81, 71]";"[15, 81, 71]";"[15, 81, 71]";"[15, 14, 71]";"[15, 50, 71]";"[15, 68, 71]"
445;"[81, 74, 76, 45]";"[81, 71, 82, 45]";"[81, 71, 82, 45]";"[81, 68, 81, 45]";"[81, 70, 68, 45]";"[81, 45, 81, 45]";"[81, 50, 82, 45]";"[81, 44, 81, 45]";"[81, 50, 71, 0, 25, 27, 45]";"[81, 25, 71, 45]"
560;"[45, 25, 85]";"[45, 71, 85]";"[45, 71, 85]";"[45, 68, 85]";"[45, 68, 85]";"[45, 81, 85]";"[45, 81, 85]";"[45, 82, 85]";"[45, 25, 85]";"[45, 71, 85]"
562;"[35, 32, 78]";"[35, 71, 78]";"[35, 71, 78]";"[35, 81, 78]";"[35, 81, 78]";"[35, 50, 78]";"[35, 50, 78]";"[35, 35, 78]";"[35, 13, 0, 71, 78]";"[35, 71, 78]"
582;"[71, 48, 41]";"[71, 82, 41]";"[71, 82, 41]";"[71, 81, 41]";"[71, 81, 41]";"[71, 81, 41]";"[71, 81, 41]";"[71, 51, 41]";"[71, 0, 44, 50, 13, 41]";"[71, 25, 41]"
587;"[72, 6, 57]";"[72, 71, 57]";"[72, 71, 57]";"[72, 81, 57]";"[72, 81, 57]";"[72, 81, 57]";"[72, 81, 57]";"[72, 68, 57]";"[72, 84, 9, 35, 13, 27, 25, 0, 81, 71, 57]";"[72, 71, 57]"
607;"[4, 41, 32]";"[4, 71, 32]";"[4, 71, 32]";"[4, 41, 32]";"[4, 41, 32]";"[4, 41, 32]";"[4, 41, 32]";"[4, 84, 32]";"[4, 84, 70, 13, 15, 82, 71, 81, 0, 25, 32]";"[4, 9, 32]"
611;"[82, 50, 71]";"[82, 32, 71]";"[82, 50, 71]";"[82, 81, 71]";"[82, 81, 71]";"[82, 81, 71]";"[82, 81, 71]";"[82, 81, 71]";"[82, 81, 0, 25, 13, 71]";"[82, 9, 71]"
614;"[71, 67, 31]";"[71, 82, 31]";"[71, 82, 31]";"[71, 81, 31]";"[71, 81, 31]";"[71, 50, 31]";"[71, 50, 31]";"[71, 44, 31]";"[71, 13, 82, 0, 31]";"[71, 9, 31]"
665;"[35, 68, 63]";"[35, 71, 63]";"[35, 71, 63]";"[35, 68, 63]";"[35, 68, 63]";"[35, 70, 63]";"[35, 70, 63]";"[35, 68, 63]";"[35, 82, 81, 0, 63]";"[35, 9, 63]"
676;"[69, 48, 25, 42, 27]";"[69, 71, 82, 32, 27]";"[69, 71, 82, 50, 27]";"[69, 45, 81, 45, 27]";"[69, 45, 68, 81, 27]";"[69, 45, 81, 50, 27]";"[69, 45, 81, 50, 27]";"[69, 48, 3, 14, 27]";"[69, 84, 13, 71, 0, 25, 27]";"[69, 71, 25, 9, 27]"
680;"[76, 81, 71, 68]";"[76, 71, 82, 68]";"[76, 71, 82, 68]";"[76, 81, 70, 68]";"[76, 81, 70, 68]";"[76, 81, 45, 68]";"[76, 81, 45, 68]";"[76, 49, 67, 68]";"[76, 49, 0, 45, 44, 81, 82, 13, 70, 50, 68]";"[76, 70, 71, 68]"
681;"[39, 35, 78]";"[39, 71, 78]";"[39, 71, 78]";"[39, 23, 78]";"[39, 23, 78]";"[39, 40, 78]";"[39, 40, 78]";"[39, 32, 78]";"[39, 48, 69, 50, 78]";"[39, 71, 78]"
685;"[68, 71, 82, 45, 14, 25, 27, 85]";"[68, 71, 82, 32, 50, 35, 9, 85]";"[68, 71, 82, 50, 81, 35, 32, 85]";"[68, 81, 11, 22, 11, 22, 11, 85]";"[68, 70, 81, 9, 21, 11, 22, 85]";"[68, 81, 50, 81, 50, 81, 50, 85]";"[68, 82, 35, 70, 45, 81, 50, 85]";"[68, 27, 71, 68, 71, 68, 25, 85]";"[68, 67, 79, 72, 51, 48, 69, 84, 13, 70, 82, 50, 71, 81, 44, 0, 45, 85]";"[68, 69, 25, 67, 76, 70, 71, 85]"
686;"[71, 67, 81]";"[71, 82, 81]";"[71, 82, 81]";"[71, 45, 81]";"[71, 45, 81]";"[71, 50, 81]";"[71, 50, 81]";"[71, 67, 81]";"[71, 50, 45, 0, 44, 81]";"[71, 25, 81]"
720;"[84, 4, 70, 50]";"[84, 71, 82, 50]";"[84, 71, 82, 50]";"[84, 68, 81, 50]";"[84, 68, 81, 50]";"[84, 50, 81, 50]";"[84, 70, 81, 50]";"[84, 9, 70, 50]";"[84, 51, 35, 13, 0, 50]";"[84, 45, 48, 50]"
721;"[45, 56, 23, 70, 8, 15]";"[45, 71, 82, 32, 50, 15]";"[45, 71, 82, 50, 81, 15]";"[45, 68, 70, 68, 81, 15]";"[45, 68, 70, 81, 9, 15]";"[45, 81, 45, 81, 45, 15]";"[45, 81, 50, 82, 35, 15]";"[45, 82, 45, 82, 45, 15]";"[45, 25, 27, 85, 42, 84, 69, 48, 51, 13, 9, 35, 50, 71, 0, 44, 81, 82, 15]";"[45, 9, 25, 71, 41, 15]"
723;"[71, 50, 15, 17, 13, 35, 31, 81]";"[71, 82, 32, 50, 35, 9, 45, 81]";"[71, 82, 50, 35, 15, 45, 44, 81]";"[71, 81, 68, 70, 68, 70, 68, 81]";"[71, 35, 9, 40, 68, 70, 45, 81]";"[71, 81, 50, 81, 50, 81, 50, 81]";"[71, 82, 44, 50, 70, 68, 45, 81]";"[71, 81, 71, 81, 71, 81, 71, 81]";"[71, 51, 40, 41, 32, 35, 50, 45, 0, 44, 81]";"[71, 50, 45, 49, 25, 48, 44, 81]"
724;"[32, 21, 48, 40, 2, 51]";"[32, 71, 82, 50, 35, 51]";"[32, 71, 82, 35, 50, 51]";"[32, 11, 22, 11, 81, 51]";"[32, 11, 22, 9, 81, 51]";"[32, 9, 35, 9, 81, 51]";"[32, 9, 35, 70, 81, 51]";"[32, 39, 35, 32, 39, 51]";"NA";"NA"
725;"[49, 17, 18, 23]";"[49, 71, 82, 23]";"[49, 71, 82, 23]";"[49, 68, 81, 23]";"[49, 68, 81, 23]";"[49, 50, 81, 23]";"[49, 50, 81, 23]";"[49, 81, 9, 23]";"[49, 0, 15, 70, 14, 8, 18, 9, 19, 21, 24, 22, 23]";"[49, 41, 32, 23]"
727;"[44, 45, 71, 82, 0]";"[44, 71, 82, 32, 0]";"[44, 71, 82, 50, 0]";"[44, 70, 68, 81, 0]";"[44, 70, 68, 81, 0]";"[44, 81, 45, 81, 0]";"[44, 81, 45, 82, 0]";"[44, 31, 81, 44, 0]";"[44, 71, 35, 13, 25, 0]";"[44, 71, 25, 9, 0]"
749;"[71, 51, 41]";"[71, 82, 41]";"[71, 82, 41]";"[71, 81, 41]";"[71, 81, 41]";"[71, 81, 41]";"[71, 81, 41]";"[71, 48, 41]";"[71, 0, 13, 84, 41]";"[71, 25, 41]"
763;"[27, 25, 45, 81, 50, 35, 9]";"[27, 71, 82, 32, 50, 35, 9]";"[27, 71, 82, 50, 32, 35, 9]";"[27, 81, 68, 70, 68, 81, 9]";"[27, 81, 45, 70, 68, 40, 9]";"[27, 81, 45, 81, 45, 81, 9]";"[27, 81, 45, 70, 82, 35, 9]";"[27, 42, 71, 68, 27, 42, 9]";"[27, 25, 0, 71, 50, 13, 70, 35, 32, 9]";"[27, 57, 63, 56, 55, 59, 9]"
765;"[26, 81, 44, 45]";"[26, 71, 82, 45]";"[26, 71, 82, 45]";"[26, 81, 68, 45]";"[26, 81, 70, 45]";"[26, 45, 81, 45]";"[26, 81, 82, 45]";"[26, 45, 49, 45]";"[26, 0, 81, 71, 45]";"[26, 57, 63, 45]"
766;"[9, 35, 70, 50, 71, 81, 82, 39]";"[9, 71, 82, 32, 50, 35, 81, 39]";"[9, 71, 82, 50, 35, 32, 15, 39]";"[9, 22, 11, 22, 11, 22, 11, 39]";"[9, 40, 70, 68, 45, 81, 23, 39]";"[9, 35, 9, 35, 9, 35, 9, 39]";"[9, 81, 50, 70, 82, 35, 23, 39]";"[9, 22, 9, 23, 9, 35, 81, 39]";"[9, 13, 15, 50, 82, 81, 44, 0, 45, 25, 27, 42, 38, 84, 39]";"[9, 53, 57, 63, 56, 59, 55, 39]"
771;"[71, 44, 75, 81]";"[71, 82, 32, 81]";"[71, 82, 50, 81]";"[71, 81, 68, 81]";"[71, 45, 70, 81]";"[71, 81, 50, 81]";"[71, 82, 50, 81]";"[71, 81, 71, 81]";"[71, 70, 13, 9, 51, 68, 67, 75, 0, 81]";"[71, 45, 50, 81]"
778;"[35, 9, 71]";"[35, 82, 71]";"[35, 82, 71]";"[35, 81, 71]";"[35, 81, 71]";"[35, 50, 71]";"[35, 50, 71]";"[35, 82, 71]";"[35, 15, 17, 13, 50, 71]";"[35, 25, 71]"
779;"[45, 44, 0]";"[45, 71, 0]";"[45, 71, 0]";"[45, 81, 0]";"[45, 81, 0]";"[45, 81, 0]";"[45, 81, 0]";"[45, 13, 0]";"[45, 14, 23, 9, 18, 8, 13, 17, 70, 15, 0]";"[45, 71, 0]"
785;"[22, 9, 23, 41]";"[22, 71, 82, 41]";"[22, 71, 32, 41]";"[22, 11, 22, 41]";"[22, 11, 21, 41]";"[22, 41, 22, 41]";"[22, 21, 32, 41]";"[22, 9, 22, 41]";"[22, 69, 51, 10, 79, 81, 13, 70, 35, 84, 41]";"[22, 71, 9, 41]"
798;"[17, 15, 13]";"[17, 71, 13]";"[17, 71, 13]";"[17, 9, 13]";"[17, 9, 13]";"[17, 15, 13]";"[17, 15, 13]";"[17, 13, 13]";"[17, 15, 13]";"[17, 71, 13]"
817;"[71, 82, 50, 81, 44, 45]";"[71, 82, 32, 50, 35, 45]";"[71, 82, 50, 81, 35, 45]";"[71, 81, 70, 68, 81, 45]";"[71, 49, 68, 70, 81, 45]";"[71, 50, 81, 45, 81, 45]";"[71, 82, 50, 70, 81, 45]";"[71, 81, 45, 71, 81, 45]";"[71, 51, 69, 4, 84, 42, 9, 70, 13, 45]";"[71, 40, 35, 32, 41, 45]"
819;"[81, 82, 45, 44, 0, 25, 15]";"[81, 71, 82, 32, 50, 35, 15]";"[81, 71, 82, 50, 35, 45, 15]";"[81, 70, 68, 70, 68, 81, 15]";"[81, 45, 68, 70, 40, 9, 15]";"[81, 82, 50, 81, 50, 81, 15]";"[81, 50, 70, 45, 82, 35, 15]";"[81, 82, 81, 82, 81, 44, 15]";"[81, 44, 0, 45, 42, 16, 84, 48, 69, 9, 70, 50, 13, 15]";"[81, 40, 35, 41, 32, 39, 15]"
820;"[82, 71, 8, 18, 23, 9, 13, 17, 15]";"[82, 71, 32, 50, 35, 9, 81, 45, 15]";"[82, 71, 50, 81, 35, 32, 45, 70, 15]";"[82, 11, 22, 11, 22, 11, 22, 11, 15]";"[82, 45, 70, 68, 81, 40, 9, 8, 15]";"[82, 81, 50, 81, 50, 81, 50, 81, 15]";"[82, 50, 68, 70, 45, 81, 35, 9, 15]";"[82, 71, 82, 50, 82, 50, 82, 50, 15]";"[82, 81, 44, 0, 67, 79, 72, 78, 51, 48, 69, 4, 84, 38, 42, 13, 50, 70, 15]";"[82, 36, 37, 39, 40, 32, 41, 35, 15]"
835;"[9, 15, 50, 35]";"[9, 71, 82, 35]";"[9, 71, 82, 35]";"[9, 40, 9, 35]";"[9, 81, 70, 35]";"[9, 35, 9, 35]";"[9, 15, 8, 35]";"[9, 8, 18, 35]";"NA";"NA"
836;"[40, 37, 36]";"[40, 71, 36]";"[40, 71, 36]";"[40, 23, 36]";"[40, 23, 36]";"[40, 22, 36]";"[40, 22, 36]";"[40, 71, 36]";"[40, 37, 36]";"[40, 45, 36]"
837;"[4, 84, 50, 14, 35]";"[4, 71, 82, 32, 35]";"[4, 71, 50, 82, 35]";"[4, 11, 22, 11, 35]";"[4, 39, 23, 9, 35]";"[4, 32, 35, 9, 35]";"[4, 32, 22, 9, 35]";"[4, 36, 41, 19, 35]";"[4, 16, 41, 22, 36, 37, 40, 51, 39, 32, 9, 13, 15, 17, 35]";"[4, 45, 48, 50, 35]"
841;"[23, 9, 8, 13]";"[23, 71, 82, 13]";"[23, 71, 82, 13]";"[23, 39, 23, 13]";"[23, 40, 9, 13]";"[23, 35, 9, 13]";"[23, 35, 9, 13]";"[23, 32, 15, 13]";"[23, 32, 84, 4, 41, 9, 35, 13]";"[23, 45, 50, 13]"
856;"[35, 31, 81]";"[35, 71, 81]";"[35, 71, 81]";"[35, 68, 81]";"[35, 68, 81]";"[35, 70, 81]";"[35, 70, 81]";"[35, 82, 81]";"[35, 13, 71, 0, 81]";"[35, 57, 81]"
895;"[71, 76, 75]";"[71, 82, 75]";"[71, 82, 75]";"[71, 81, 75]";"[71, 81, 75]";"[71, 81, 75]";"[71, 81, 75]";"[71, 44, 75]";"[71, 25, 0, 75]";"[71, 25, 75]"
901;"[31, 0, 40]";"[31, 71, 40]";"[31, 71, 40]";"[31, 81, 40]";"[31, 81, 40]";"[31, 81, 40]";"[31, 81, 40]";"[31, 2, 40]";"[31, 0, 40]";"[31, 71, 40]"
902;"[23, 17, 50, 35]";"[23, 71, 82, 35]";"[23, 71, 82, 35]";"[23, 9, 40, 35]";"[23, 9, 40, 35]";"[23, 35, 9, 35]";"[23, 15, 9, 35]";"[23, 9, 18, 35]";"[23, 32, 38, 42, 0, 13, 35]";"[23, 71, 25, 35]"
912;"[35, 45, 71, 68, 50, 0]";"[35, 71, 82, 32, 50, 0]";"[35, 71, 82, 50, 81, 0]";"[35, 68, 70, 68, 81, 0]";"[35, 70, 68, 45, 81, 0]";"[35, 70, 81, 50, 81, 0]";"[35, 70, 82, 50, 81, 0]";"[35, 70, 15, 35, 82, 0]";"[35, 50, 13, 27, 25, 45, 0]";"[35, 25, 27, 50, 45, 0]"
916;"[19, 2, 40, 35, 8, 17, 14, 42, 38, 84, 4]";"[19, 71, 82, 32, 50, 35, 9, 81, 45, 41, 4]";"[19, 71, 32, 84, 41, 82, 50, 22, 35, 9, 4]";"[19, 11, 22, 11, 22, 11, 22, 11, 22, 11, 4]";"[19, 22, 11, 21, 9, 40, 70, 68, 45, 81, 4]";"[19, 22, 41, 22, 41, 22, 41, 22, 41, 32, 4]";"[19, 16, 23, 9, 35, 70, 81, 41, 22, 32, 4]";"[19, 16, 4, 84, 41, 21, 48, 84, 22, 3, 4]";"[19, 9, 35, 70, 13, 50, 71, 81, 68, 67, 75, 0, 25, 27, 42, 73, 84, 22, 69, 4]";"[19, 26, 27, 25, 9, 32, 18, 28, 41, 71, 4]"
931;"[22, 18, 8, 32, 84, 16]";"[22, 71, 82, 32, 50, 16]";"[22, 71, 41, 32, 84, 16]";"[22, 11, 22, 11, 22, 16]";"[22, 11, 41, 21, 19, 16]";"[22, 41, 22, 41, 22, 16]";"[22, 21, 32, 41, 19, 16]";"[22, 9, 22, 41, 19, 16]";"[22, 9, 23, 18, 8, 13, 17, 15, 0, 14, 19, 21, 16]";"[22, 9, 25, 71, 18, 16]"
959;"[73, 38, 19]";"[73, 71, 19]";"[73, 71, 19]";"[73, 16, 19]";"[73, 16, 19]";"[73, 16, 19]";"[73, 16, 19]";"[73, 38, 19]";"[73, 38, 19]";"[73, 71, 19]"
961;"[67, 74, 76, 49, 22]";"[67, 71, 82, 32, 22]";"[67, 71, 82, 50, 22]";"[67, 81, 22, 11, 22]";"[67, 81, 9, 11, 22]";"[67, 81, 50, 81, 22]";"[67, 50, 68, 81, 22]";"[67, 25, 70, 31, 22]";"[67, 31, 0, 44, 81, 71, 50, 13, 70, 35, 84, 22]";"[67, 9, 25, 71, 22]"
966;"[14, 70, 32, 84]";"[14, 71, 82, 84]";"[14, 71, 82, 84]";"[14, 22, 11, 84]";"[14, 11, 22, 84]";"[14, 15, 9, 84]";"[14, 15, 9, 84]";"[14, 8, 23, 84]";"[14, 0, 31, 71, 13, 70, 9, 84]";"[14, 71, 25, 84]"
1017;"[81, 82, 50, 17, 2]";"[81, 71, 82, 32, 2]";"[81, 71, 82, 50, 2]";"[81, 70, 68, 81, 2]";"[81, 68, 70, 45, 2]";"[81, 82, 50, 81, 2]";"[81, 50, 70, 82, 2]";"[81, 43, 72, 48, 2]";"[81, 0, 15, 17, 13, 8, 14, 18, 23, 9, 22, 2]";"[81, 71, 25, 9, 2]"
1023;"[41, 22, 9]";"[41, 71, 9]";"[41, 71, 9]";"[41, 11, 9]";"[41, 11, 9]";"[41, 35, 9]";"[41, 35, 9]";"[41, 32, 9]";"[41, 35, 9]";"[41, 71, 9]"
1042;"[41, 84, 22, 26]";"[41, 71, 82, 26]";"[41, 71, 82, 26]";"[41, 22, 11, 26]";"[41, 11, 22, 26]";"[41, 81, 50, 26]";"[41, 81, 50, 26]";"[41, 45, 29, 26]";"[41, 51, 35, 13, 0, 29, 26]";"[41, 4, 2, 26]"
1062;"[82, 81, 13, 44, 25]";"[82, 71, 32, 50, 25]";"[82, 71, 50, 81, 25]";"[82, 70, 68, 81, 25]";"[82, 68, 70, 81, 25]";"[82, 45, 81, 50, 25]";"[82, 45, 81, 50, 25]";"[82, 71, 82, 0, 25]";"[82, 13, 71, 29, 0, 25]";"[82, 9, 18, 20, 25]"
1063;"[24, 23, 21, 48, 82]";"[24, 71, 32, 50, 82]";"[24, 71, 50, 32, 82]";"[24, 11, 22, 11, 82]";"[24, 11, 22, 9, 82]";"[24, 81, 50, 81, 82]";"[24, 81, 50, 70, 82]";"[24, 4, 71, 22, 82]";"[24, 84, 13, 0, 81, 82]";"[24, 85, 84, 81, 82]"
1066;"[46, 78, 35, 50, 71]";"[46, 82, 32, 50, 71]";"[46, 82, 50, 45, 71]";"[46, 70, 68, 81, 71]";"[46, 68, 70, 81, 71]";"[46, 81, 45, 81, 71]";"[46, 81, 45, 82, 71]";"[46, 71, 44, 45, 71]";"[46, 25, 0, 13, 9, 71]";"[46, 9, 41, 25, 71]"
1075;"[85, 59, 82, 8, 66, 25]";"[85, 71, 82, 32, 50, 25]";"[85, 71, 82, 50, 45, 25]";"[85, 22, 11, 22, 11, 25]";"[85, 70, 68, 81, 45, 25]";"[85, 45, 81, 45, 27, 25]";"[85, 45, 81, 50, 27, 25]";"[85, 1, 27, 85, 46, 25]";"[85, 84, 22, 9, 35, 13, 70, 50, 71, 81, 0, 45, 27, 25]";"[85, 71, 41, 27, 9, 25]"
1087;"[35, 70, 18, 14]";"[35, 71, 82, 14]";"[35, 71, 82, 14]";"[35, 9, 8, 14]";"[35, 9, 8, 14]";"[35, 9, 35, 14]";"[35, 9, 15, 14]";"[35, 13, 35, 14]";"[35, 50, 0, 71, 13, 14]";"[35, 71, 25, 14]"
1101;"[9, 35, 32]";"[9, 71, 32]";"[9, 71, 32]";"[9, 21, 32]";"[9, 21, 32]";"[9, 35, 32]";"[9, 35, 32]";"[9, 35, 32]";"[9, 13, 0, 25, 27, 32]";"[9, 25, 32]"
1117;"[13, 81, 39]";"[13, 71, 39]";"[13, 71, 39]";"[13, 23, 39]";"[13, 23, 39]";"[13, 9, 39]";"[13, 9, 39]";"[13, 82, 39]";"[13, 81, 39]";"[13, 71, 39]"
1119;"[31, 71, 50, 32]";"[31, 71, 82, 32]";"[31, 71, 82, 32]";"[31, 81, 9, 32]";"[31, 81, 9, 32]";"[31, 81, 82, 32]";"[31, 81, 82, 32]";"[31, 75, 81, 32]";"[31, 0, 29, 75, 67, 68, 71, 70, 32]";"[31, 71, 25, 32]"
1134;"[26, 15, 41, 71]";"[26, 82, 32, 71]";"[26, 82, 50, 71]";"[26, 81, 45, 71]";"[26, 81, 45, 71]";"[26, 81, 50, 71]";"[26, 81, 50, 71]";"[26, 81, 82, 71]";"[26, 76, 79, 72, 51, 69, 70, 0, 71]";"[26, 50, 45, 71]"
1149;"[50, 69, 48, 27, 29, 63, 56, 68, 71, 31, 44, 81]";"[50, 71, 82, 32, 35, 9, 45, 41, 26, 84, 22, 81]";"[50, 71, 82, 35, 15, 45, 32, 44, 70, 17, 9, 81]";"[50, 22, 11, 22, 11, 22, 11, 22, 11, 22, 11, 81]";"[50, 9, 15, 14, 17, 8, 40, 68, 70, 45, 27, 81]";"[50, 81, 50, 81, 50, 81, 50, 81, 50, 81, 50, 81]";"[50, 44, 68, 70, 45, 82, 35, 9, 8, 15, 17, 81]";"[50, 81, 50, 71, 50, 71, 50, 71, 50, 71, 31, 81]";"NA";"NA"
1150;"[81, 68, 71, 50]";"[81, 71, 82, 50]";"[81, 71, 82, 50]";"[81, 68, 81, 50]";"[81, 70, 68, 50]";"[81, 50, 81, 50]";"[81, 45, 82, 50]";"[81, 82, 81, 50]";"[81, 67, 68, 0, 31, 71, 82, 13, 70, 50]";"[81, 48, 45, 50]"
1170;"[84, 41, 32, 22]";"[84, 71, 82, 22]";"[84, 71, 41, 22]";"[84, 22, 11, 22]";"[84, 21, 11, 22]";"[84, 22, 41, 22]";"[84, 41, 32, 22]";"[84, 4, 41, 22]";"[84, 32, 35, 70, 13, 82, 71, 6, 2, 37, 4, 41, 22]";"[84, 25, 27, 22]"
1172;"[31, 0, 44, 81, 70, 35, 9, 23]";"[31, 71, 82, 32, 50, 35, 9, 23]";"[31, 71, 82, 50, 81, 35, 32, 23]";"[31, 81, 70, 68, 70, 68, 81, 23]";"[31, 81, 45, 70, 68, 40, 9, 23]";"[31, 81, 45, 81, 45, 81, 45, 23]";"[31, 81, 45, 70, 50, 82, 35, 23]";"[31, 81, 44, 0, 31, 81, 44, 23]";"[31, 0, 81, 71, 82, 13, 70, 35, 41, 84, 32, 9, 23]";"[31, 25, 57, 28, 26, 27, 45, 23]"
1176;"[22, 9, 40]";"[22, 71, 40]";"[22, 71, 40]";"[22, 11, 40]";"[22, 11, 40]";"[22, 9, 40]";"[22, 9, 40]";"[22, 9, 40]";"[22, 41, 4, 84, 32, 9, 35, 70, 13, 82, 71, 81, 6, 2, 40]";"[22, 25, 40]"
1191;"[50, 13, 8, 0, 44, 84, 41, 22]";"[50, 71, 82, 32, 35, 9, 81, 22]";"[50, 71, 82, 35, 32, 81, 15, 22]";"[50, 22, 11, 22, 11, 22, 11, 22]";"[50, 68, 70, 81, 9, 21, 11, 22]";"[50, 81, 50, 81, 50, 81, 50, 22]";"[50, 70, 81, 45, 82, 35, 9, 22]";"[50, 70, 50, 70, 50, 35, 31, 22]";"NA";"NA"
1203;"[42, 32, 9, 35, 8, 17, 13, 15, 82, 50, 71, 81, 44, 45, 14, 85, 1, 53, 27, 25]";"[42, 71, 82, 32, 50, 35, 9, 81, 45, 41, 26, 84, 22, 31, 15, 48, 85, 44, 40, 25]";"[42, 71, 82, 32, 50, 35, 45, 81, 15, 27, 9, 14, 41, 84, 85, 8, 70, 17, 13, 25]";"[42, 22, 11, 22, 11, 22, 11, 22, 11, 22, 11, 22, 11, 22, 11, 22, 11, 22, 11, 25]";"[42, 21, 22, 11, 9, 17, 15, 8, 14, 18, 23, 39, 40, 35, 70, 68, 81, 45, 27, 25]";"[42, 45, 81, 45, 81, 45, 81, 45, 81, 45, 81, 45, 81, 45, 81, 45, 81, 45, 81, 25]";"[42, 41, 32, 22, 23, 8, 15, 14, 17, 9, 35, 70, 68, 45, 82, 44, 27, 81, 50, 25]";"[42, 71, 42, 38, 19, 14, 42, 38, 19, 14, 42, 38, 9, 32, 45, 14, 42, 38, 9, 25]";"NA";"NA"
1208;"[82, 71, 50, 15]";"[82, 71, 32, 15]";"[82, 71, 50, 15]";"[82, 81, 9, 15]";"[82, 81, 9, 15]";"[82, 50, 81, 15]";"[82, 50, 81, 15]";"[82, 71, 82, 15]";"[82, 79, 51, 69, 70, 15]";"[82, 71, 45, 15]"
1217;"[42, 71, 13, 50]";"[42, 71, 82, 50]";"[42, 71, 82, 50]";"[42, 68, 81, 50]";"[42, 70, 81, 50]";"[42, 70, 81, 50]";"[42, 70, 81, 50]";"[42, 32, 18, 50]";"[42, 45, 0, 44, 71, 50]";"[42, 71, 25, 50]"
1230;"[32, 17, 57]";"[32, 71, 57]";"[32, 71, 57]";"[32, 68, 57]";"[32, 68, 57]";"[32, 70, 57]";"[32, 70, 57]";"[32, 6, 57]";"[32, 13, 81, 0, 57]";"[32, 71, 57]"
1231;"[50, 68, 63]";"[50, 71, 63]";"[50, 71, 63]";"[50, 68, 63]";"[50, 68, 63]";"[50, 81, 63]";"[50, 81, 63]";"[50, 68, 63]";"[50, 0, 81, 63]";"[50, 71, 63]"
1233;"[27, 35, 69, 36]";"[27, 71, 82, 36]";"[27, 71, 82, 36]";"[27, 81, 23, 36]";"[27, 81, 23, 36]";"[27, 45, 81, 36]";"[27, 45, 81, 36]";"[27, 42, 25, 36]";"[27, 25, 0, 13, 35, 36]";"[27, 25, 71, 36]"
1240;"[15, 14, 8]";"[15, 71, 8]";"[15, 71, 8]";"[15, 14, 8]";"[15, 14, 8]";"[15, 9, 8]";"[15, 9, 8]";"[15, 50, 8]";"[15, 13, 9, 8]";"[15, 71, 8]"
1241;"[32, 41, 36, 24]";"[32, 71, 82, 24]";"[32, 71, 82, 24]";"[32, 22, 11, 24]";"[32, 22, 11, 24]";"[32, 41, 22, 24]";"[32, 41, 22, 24]";"[32, 53, 36, 24]";"[32, 42, 18, 13, 17, 70, 9, 22, 69, 24]";"[32, 71, 68, 24]"
1245;"[18, 71, 8, 14]";"[18, 71, 82, 14]";"[18, 71, 82, 14]";"[18, 23, 9, 14]";"[18, 23, 9, 14]";"[18, 23, 9, 14]";"[18, 23, 9, 14]";"[18, 13, 18, 14]";"[18, 13, 17, 9, 42, 14]";"[18, 71, 41, 14]"
1249;"[44, 31, 71]";"[44, 82, 71]";"[44, 82, 71]";"[44, 81, 71]";"[44, 81, 71]";"[44, 81, 71]";"[44, 81, 71]";"[44, 50, 71]";"[44, 0, 15, 13, 9, 69, 71]";"[44, 68, 71]"
1265;"[46, 71, 32, 82]";"[46, 71, 32, 82]";"[46, 71, 50, 82]";"[46, 70, 68, 82]";"[46, 68, 70, 82]";"[46, 81, 45, 82]";"[46, 81, 45, 82]";"[46, 44, 25, 82]";"[46, 25, 0, 71, 50, 82]";"[46, 71, 25, 82]"
1277;"[60, 55, 69, 10]";"[60, 71, 82, 10]";"[60, 71, 82, 10]";"[60, 27, 81, 10]";"[60, 27, 81, 10]";"[60, 57, 81, 10]";"[60, 57, 81, 10]";"NA";"[60, 0, 81, 15, 13, 9, 84, 10]";"[60, 82, 81, 10]"
1284;"[17, 71, 36]";"[17, 71, 36]";"[17, 71, 36]";"[17, 23, 36]";"[17, 23, 36]";"[17, 15, 36]";"[17, 15, 36]";"[17, 15, 36]";"[17, 13, 35, 84, 36]";"[17, 9, 36]"
1286;"[82, 44, 45]";"[82, 71, 45]";"[82, 71, 45]";"[82, 81, 45]";"[82, 81, 45]";"[82, 81, 45]";"[82, 81, 45]";"[82, 81, 45]";"[82, 81, 13, 0, 45]";"[82, 71, 45]"
1315;"[27, 82, 35, 13]";"[27, 71, 82, 13]";"[27, 71, 82, 13]";"[27, 81, 9, 13]";"[27, 81, 9, 13]";"[27, 45, 81, 13]";"[27, 45, 81, 13]";"[27, 23, 1, 13]";"[27, 22, 69, 70, 13]";"[27, 71, 68, 13]"
1318;"[19, 21, 16, 84, 41, 35, 70, 71, 81, 44, 0, 74]";"[19, 71, 82, 32, 50, 35, 9, 81, 45, 26, 41, 74]";"[19, 71, 82, 50, 32, 35, 81, 15, 9, 45, 84, 74]";"[19, 11, 22, 11, 22, 11, 22, 11, 22, 11, 81, 74]";"[19, 16, 21, 11, 22, 9, 40, 68, 70, 81, 45, 74]";"[19, 81, 50, 81, 50, 81, 50, 81, 50, 81, 50, 74]";"[19, 23, 15, 9, 35, 70, 68, 81, 45, 82, 50, 74]";"[19, 2, 57, 79, 6, 23, 18, 23, 15, 10, 81, 74]";"[19, 84, 9, 35, 70, 50, 71, 81, 82, 13, 27, 25, 0, 74]";"[19, 28, 18, 26, 9, 20, 32, 27, 25, 71, 41, 74]"
1320;"[71, 35, 18, 81, 44, 17, 9]";"[71, 82, 32, 50, 35, 81, 9]";"[71, 82, 50, 35, 32, 81, 9]";"[71, 81, 68, 70, 68, 81, 9]";"[71, 45, 68, 70, 81, 40, 9]";"[71, 81, 50, 81, 50, 81, 9]";"[71, 82, 50, 70, 81, 35, 9]";"[71, 50, 70, 71, 50, 71, 9]";"[71, 0, 13, 17, 15, 14, 8, 18, 16, 22, 9]";"[71, 20, 22, 21, 18, 25, 9]"
1386;"[4, 71, 81, 44, 31]";"[4, 71, 82, 32, 31]";"[4, 71, 82, 50, 31]";"[4, 81, 70, 68, 31]";"[4, 81, 70, 68, 31]";"[4, 50, 81, 50, 31]";"[4, 81, 50, 70, 31]";"[4, 25, 82, 67, 31]";"[4, 84, 35, 70, 13, 15, 82, 71, 68, 81, 0, 31]";"[4, 9, 25, 71, 31]"
1397;"[9, 32, 15, 50, 68]";"[9, 71, 82, 32, 68]";"[9, 71, 82, 50, 68]";"[9, 81, 68, 70, 68]";"[9, 81, 45, 70, 68]";"[9, 81, 50, 81, 68]";"[9, 81, 50, 70, 68]";"[9, 13, 17, 14, 68]";"[9, 32, 84, 41, 35, 70, 13, 15, 82, 71, 81, 0, 75, 67, 68]";"[9, 18, 20, 71, 68]"
1477;"[71, 8, 23, 31, 20]";"[71, 82, 32, 50, 20]";"[71, 82, 50, 81, 20]";"[71, 81, 9, 23, 20]";"[71, 81, 9, 23, 20]";"[71, 81, 50, 81, 20]";"[71, 82, 50, 81, 20]";"[71, 43, 49, 71, 20]";"[71, 50, 35, 9, 13, 25, 0, 20]";"[71, 25, 9, 41, 20]"
1521;"[71, 50, 82, 15, 8, 32, 13, 70, 51]";"[71, 82, 32, 50, 35, 9, 81, 45, 51]";"[71, 82, 50, 35, 81, 32, 15, 70, 51]";"[71, 81, 68, 70, 68, 70, 68, 81, 51]";"[71, 45, 68, 70, 81, 9, 23, 39, 51]";"[71, 81, 50, 81, 50, 81, 50, 81, 51]";"[71, 82, 35, 9, 81, 50, 68, 70, 51]";"[71, 51, 71, 51, 71, 51, 71, 2, 51]";"[71, 0, 81, 82, 15, 17, 13, 50, 70, 8, 14, 18, 23, 9, 16, 84, 22, 69, 51]";"[71, 49, 50, 47, 46, 44, 48, 45, 51]"
1522;"[32, 9, 2, 63, 68, 81, 27]";"[32, 71, 82, 50, 35, 9, 27]";"[32, 71, 82, 50, 35, 15, 27]";"[32, 11, 22, 11, 22, 11, 27]";"[32, 22, 11, 9, 81, 45, 27]";"[32, 9, 81, 50, 81, 50, 27]";"[32, 9, 35, 70, 81, 50, 27]";"[32, 42, 32, 9, 32, 14, 27]";"[32, 9, 35, 70, 50, 17, 13, 15, 82, 71, 81, 0, 67, 68, 39, 40, 51, 69, 37, 22, 41, 84, 16, 42, 27]";"[32, 48, 50, 45, 49, 44, 27]"
1562;"[50, 62, 76, 41]";"[50, 71, 82, 41]";"[50, 71, 82, 41]";"[50, 68, 81, 41]";"[50, 68, 81, 41]";"[50, 70, 81, 41]";"[50, 70, 81, 41]";"[50, 69, 48, 41]";"[50, 71, 0, 25, 9, 41]";"[50, 71, 25, 41]"
1563;"[27, 71, 82]";"[27, 71, 82]";"[27, 71, 82]";"[27, 81, 82]";"[27, 81, 82]";"[27, 81, 82]";"[27, 81, 82]";"[27, 25, 82]";"[27, 0, 81, 70, 13, 82]";"[27, 57, 82]"
1565;"[26, 81, 45]";"[26, 71, 45]";"[26, 71, 45]";"[26, 81, 45]";"[26, 81, 45]";"[26, 81, 45]";"[26, 81, 45]";"[26, 81, 45]";"[26, 81, 0, 45]";"[26, 57, 45]"
1583;"[18, 35, 32]";"[18, 71, 32]";"[18, 71, 32]";"[18, 23, 32]";"[18, 23, 32]";"[18, 9, 32]";"[18, 9, 32]";"[18, 50, 32]";"[18, 13, 8, 9, 32]";"[18, 71, 32]"
1593;"[16, 84, 35, 32]";"[16, 71, 82, 32]";"[16, 71, 82, 32]";"[16, 22, 11, 32]";"[16, 22, 11, 32]";"[16, 32, 22, 32]";"[16, 22, 41, 32]";"[16, 19, 85, 32]";"[16, 22, 35, 17, 13, 8, 18, 9, 32]";"[16, 71, 25, 32]"
1677;"[50, 71, 2]";"[50, 71, 2]";"[50, 71, 2]";"[50, 81, 2]";"[50, 81, 2]";"[50, 81, 2]";"[50, 81, 2]";"[50, 17, 2]";"[50, 71, 2]";"[50, 71, 2]"
1679;"[23, 32, 35, 50, 70]";"[23, 71, 82, 32, 70]";"[23, 71, 82, 50, 70]";"[23, 81, 70, 68, 70]";"[23, 9, 81, 68, 70]";"[23, 9, 81, 50, 70]";"[23, 9, 81, 50, 70]";"[23, 82, 9, 39, 70]";"[23, 13, 71, 0, 29, 25, 70]";"[23, 9, 25, 71, 70]"
1685;"[35, 13, 17, 8, 14, 51, 39, 78, 57, 85, 1, 27, 25, 71]";"[35, 82, 32, 50, 9, 81, 45, 41, 26, 84, 22, 31, 15, 71]";"[35, 82, 50, 32, 81, 15, 70, 9, 45, 41, 17, 44, 13, 71]";"[35, 11, 22, 11, 22, 11, 22, 11, 22, 11, 22, 11, 81, 71]";"[35, 9, 15, 8, 14, 17, 40, 70, 68, 45, 27, 81, 44, 71]";"[35, 81, 50, 81, 50, 81, 50, 81, 50, 81, 50, 81, 50, 71]";"[35, 9, 17, 14, 8, 15, 40, 68, 70, 81, 45, 82, 50, 71]";"[35, 71, 35, 71, 35, 71, 35, 71, 35, 71, 35, 71, 35, 71]";"NA";"NA"
1686;"[84, 41, 22, 9, 49, 67, 81]";"[84, 71, 82, 32, 50, 35, 81]";"[84, 71, 82, 50, 32, 35, 81]";"[84, 11, 22, 11, 22, 11, 81]";"[84, 11, 22, 40, 70, 68, 81]";"[84, 50, 81, 50, 81, 50, 81]";"[84, 45, 70, 68, 82, 50, 81]";"[84, 9, 81, 44, 84, 82, 81]";"[84, 41, 22, 32, 9, 35, 70, 71, 82, 15, 25, 0, 81]";"[84, 45, 25, 48, 50, 71, 81]"
1703;"[40, 70, 50]";"[40, 71, 50]";"[40, 71, 50]";"[40, 68, 50]";"[40, 68, 50]";"[40, 81, 50]";"[40, 81, 50]";"[40, 37, 50]";"[40, 70, 50]";"[40, 71, 50]"
1724;"[9, 41, 46]";"[9, 71, 46]";"[9, 71, 46]";"[9, 81, 46]";"[9, 81, 46]";"[9, 81, 46]";"[9, 81, 46]";"[9, 51, 46]";"[9, 13, 50, 44, 0, 45, 49, 46]";"[9, 18, 46]"
1769;"[71, 32, 45, 25]";"[71, 82, 32, 25]";"[71, 82, 50, 25]";"[71, 81, 45, 25]";"[71, 81, 45, 25]";"[71, 81, 50, 25]";"[71, 81, 50, 25]";"[71, 82, 66, 25]";"[71, 70, 69, 72, 79, 0, 27, 25]";"[71, 68, 70, 25]"
1786;"[35, 70, 50]";"[35, 71, 50]";"[35, 71, 50]";"[35, 68, 50]";"[35, 68, 50]";"[35, 81, 50]";"[35, 81, 50]";"[35, 70, 50]";"[35, 13, 50]";"[35, 9, 50]"
1820;"[35, 40, 8]";"[35, 71, 8]";"[35, 71, 8]";"[35, 9, 8]";"[35, 9, 8]";"[35, 9, 8]";"[35, 9, 8]";"[35, 18, 8]";"[35, 32, 13, 8]";"[35, 9, 8]"
1823;"[14, 35, 40]";"[14, 71, 40]";"[14, 71, 40]";"[14, 9, 40]";"[14, 9, 40]";"[14, 9, 40]";"[14, 9, 40]";"[14, 13, 40]";"[14, 13, 2, 40]";"[14, 9, 40]"
1826;"[35, 39, 40]";"[35, 71, 40]";"[35, 71, 40]";"[35, 9, 40]";"[35, 9, 40]";"[35, 9, 40]";"[35, 9, 40]";"[35, 2, 40]";"[35, 13, 40]";"[35, 9, 40]"
1827;"[40, 39, 2, 35, 14]";"[40, 71, 82, 32, 14]";"[40, 71, 82, 50, 14]";"[40, 70, 68, 81, 14]";"[40, 70, 68, 81, 14]";"[40, 9, 35, 9, 14]";"[40, 35, 9, 15, 14]";"[40, 82, 35, 31, 14]";"[40, 2, 35, 13, 42, 14]";"[40, 9, 18, 20, 14]"
1854;"[70, 50, 13]";"[70, 71, 13]";"[70, 71, 13]";"[70, 81, 13]";"[70, 81, 13]";"[70, 81, 13]";"[70, 81, 13]";"[70, 81, 13]";"[70, 9, 15, 0, 13]";"[70, 4, 13]"
1894;"[53, 14, 82, 9, 84, 69, 49, 45]";"[53, 71, 82, 32, 50, 35, 9, 45]";"[53, 71, 82, 50, 32, 85, 35, 45]";"[53, 57, 70, 68, 70, 68, 81, 45]";"[53, 57, 27, 81, 44, 68, 70, 45]";"[53, 27, 81, 45, 81, 45, 81, 45]";"[53, 27, 82, 50, 68, 70, 81, 45]";"[53, 82, 32, 53, 1, 53, 44, 45]";"[53, 25, 9, 13, 35, 50, 71, 81, 0, 45]";"[53, 25, 71, 41, 9, 27, 26, 45]"
1895;"[21, 76, 27]";"[21, 71, 27]";"[21, 71, 27]";"[21, 9, 27]";"[21, 9, 27]";"[21, 9, 27]";"[21, 9, 27]";"[21, 14, 27]";"[21, 69, 48, 70, 50, 71, 67, 44, 0, 45, 27]";"[21, 82, 27]"
1906;"[81, 44, 0, 25]";"[81, 71, 82, 25]";"[81, 71, 82, 25]";"[81, 45, 27, 25]";"[81, 45, 27, 25]";"[81, 45, 81, 25]";"[81, 82, 45, 25]";"[81, 44, 45, 25]";"[81, 70, 13, 0, 25]";"[81, 57, 63, 25]"
1914;"[78, 71, 15, 81]";"[78, 71, 82, 81]";"[78, 71, 82, 81]";"[78, 81, 68, 81]";"[78, 45, 68, 81]";"[78, 81, 50, 81]";"[78, 50, 68, 81]";"[78, 39, 68, 81]";"[78, 71, 70, 13, 0, 81]";"[78, 71, 25, 81]"
1918;"[41, 45, 84]";"[41, 71, 84]";"[41, 71, 84]";"[41, 11, 84]";"[41, 11, 84]";"[41, 22, 84]";"[41, 22, 84]";"[41, 22, 84]";"[41, 13, 0, 71, 84]";"[41, 71, 84]"
1921;"[35, 41, 32, 50]";"[35, 71, 82, 50]";"[35, 71, 82, 50]";"[35, 68, 81, 50]";"[35, 68, 81, 50]";"[35, 70, 81, 50]";"[35, 70, 81, 50]";"[35, 50, 70, 50]";"[35, 13, 25, 29, 31, 0, 71, 50]";"[35, 71, 25, 50]"
1923;"[31, 9, 37, 50]";"[31, 71, 82, 50]";"[31, 71, 82, 50]";"[31, 81, 68, 50]";"[31, 81, 70, 50]";"[31, 81, 82, 50]";"[31, 82, 81, 50]";"[31, 81, 70, 50]";"[31, 0, 42, 38, 84, 35, 50]";"[31, 41, 32, 50]"
1925;"[71, 82, 45]";"[71, 82, 45]";"[71, 82, 45]";"[71, 81, 45]";"[71, 81, 45]";"[71, 81, 45]";"[71, 81, 45]";"[71, 81, 45]";"[71, 81, 13, 0, 45]";"[71, 25, 45]"
1935;"[5, 45, 50, 82, 14, 8, 23, 9, 32, 71, 81, 44, 25, 70, 27]";"[5, 71, 82, 32, 50, 35, 9, 81, 45, 41, 26, 84, 22, 31, 27]";"[5, 71, 82, 45, 50, 25, 81, 46, 32, 35, 15, 85, 31, 0, 27]";"[5, 39, 22, 11, 22, 11, 22, 11, 22, 11, 22, 11, 22, 11, 27]";"[5, 39, 23, 17, 14, 15, 8, 9, 35, 40, 70, 68, 81, 45, 27]";"[5, 45, 81, 45, 81, 45, 81, 45, 81, 45, 81, 45, 81, 45, 27]";"[5, 23, 14, 15, 17, 9, 35, 70, 68, 82, 45, 81, 50, 25, 27]";"[5, 25, 46, 5, 25, 46, 5, 25, 46, 5, 25, 46, 5, 25, 27]";"NA";"NA"
1936;"[41, 84, 32, 21]";"[41, 71, 82, 21]";"[41, 71, 32, 21]";"[41, 22, 11, 21]";"[41, 11, 22, 21]";"[41, 32, 22, 21]";"[41, 32, 22, 21]";"[41, 84, 41, 21]";"NA";"NA"
1938;"[51, 72, 69, 48, 3, 24, 41, 35, 70, 50, 71, 81, 25, 45, 44, 0, 31, 43]";"[51, 71, 82, 32, 50, 35, 9, 81, 45, 41, 26, 84, 22, 15, 31, 48, 25, 43]";"[51, 71, 82, 50, 81, 35, 45, 32, 15, 2, 44, 40, 68, 31, 70, 9, 41, 43]";"[51, 22, 11, 22, 11, 22, 11, 22, 11, 22, 11, 22, 11, 22, 11, 22, 11, 43]";"[51, 70, 68, 45, 27, 81, 2, 40, 35, 9, 15, 17, 14, 8, 23, 18, 39, 43]";"[51, 68, 81, 50, 81, 50, 81, 50, 81, 50, 81, 50, 81, 50, 81, 50, 81, 43]";"[51, 70, 68, 44, 50, 82, 45, 81, 2, 40, 35, 9, 17, 15, 8, 23, 39, 43]";"[51, 48, 51, 48, 51, 48, 51, 48, 51, 48, 51, 48, 51, 40, 75, 49, 31, 43]";"NA";"NA"
1940;"[2, 40, 75, 34, 49, 71, 35]";"[2, 71, 82, 32, 50, 9, 35]";"[2, 71, 50, 82, 32, 81, 35]";"[2, 40, 9, 40, 9, 40, 35]";"[2, 40, 68, 70, 81, 9, 35]";"[2, 40, 35, 40, 35, 40, 35]";"[2, 40, 70, 81, 50, 82, 35]";"[2, 70, 39, 2, 35, 70, 35]";"[2, 22, 41, 84, 9, 32, 13, 15, 0, 35]";"[2, 84, 82, 81, 80, 85, 35]"
1941;"[32, 42, 9]";"[32, 71, 9]";"[32, 71, 9]";"[32, 21, 9]";"[32, 21, 9]";"[32, 35, 9]";"[32, 35, 9]";"[32, 41, 9]";"[32, 13, 9]";"[32, 71, 9]"
1956;"[32, 39, 70]";"[32, 71, 70]";"[32, 71, 70]";"[32, 68, 70]";"[32, 68, 70]";"[32, 35, 70]";"[32, 35, 70]";"[32, 50, 70]";"[32, 42, 9, 18, 8, 13, 35, 70]";"[32, 41, 70]"
1982;"[78, 39, 72]";"[78, 71, 72]";"[78, 71, 72]";"[78, 51, 72]";"[78, 51, 72]";"[78, 51, 72]";"[78, 51, 72]";"[78, 57, 72]";"[78, 50, 13, 42, 27, 25, 45, 0, 79, 72]";"[78, 9, 72]"
1984;"[71, 40, 35, 45]";"[71, 82, 32, 45]";"[71, 82, 50, 45]";"[71, 81, 68, 45]";"[71, 81, 68, 45]";"[71, 50, 81, 45]";"[71, 50, 81, 45]";"[71, 81, 44, 45]";"[71, 50, 35, 13, 27, 25, 45]";"[71, 9, 18, 45]"
1990;"[84, 9, 23, 32]";"[84, 71, 82, 32]";"[84, 71, 82, 32]";"[84, 22, 11, 32]";"[84, 22, 11, 32]";"[84, 32, 22, 32]";"[84, 41, 22, 32]";"[84, 22, 9, 32]";"[84, 16, 38, 42, 27, 25, 45, 0, 79, 10, 72, 51, 69, 70, 50, 13, 32]";"[84, 9, 18, 32]"
2005;"[32, 41, 71]";"[32, 82, 71]";"[32, 82, 71]";"[32, 81, 71]";"[32, 81, 71]";"[32, 35, 71]";"[32, 35, 71]";"[32, 39, 71]";"[32, 42, 27, 25, 45, 0, 79, 51, 48, 69, 13, 50, 71]";"[32, 9, 71]"
2030;"[23, 50, 26]";"[23, 71, 26]";"[23, 71, 26]";"[23, 9, 26]";"[23, 9, 26]";"[23, 81, 26]";"[23, 81, 26]";"[23, 40, 26]";"[23, 35, 13, 0, 26]";"[23, 71, 26]"
2032;"[32, 40, 51, 71, 81, 22, 41, 4, 36]";"[32, 71, 82, 50, 35, 9, 81, 45, 36]";"[32, 71, 82, 50, 35, 41, 84, 9, 36]";"[32, 11, 22, 11, 22, 11, 22, 11, 36]";"[32, 68, 70, 81, 9, 22, 11, 21, 36]";"[32, 22, 32, 22, 32, 22, 32, 22, 36]";"[32, 70, 81, 50, 82, 35, 9, 23, 36]";"[32, 41, 32, 9, 37, 9, 37, 9, 36]";"[32, 35, 9, 13, 50, 71, 81, 0, 25, 27, 42, 84, 22, 36]";"[32, 27, 41, 25, 71, 9, 26, 18, 36]"
2040;"[85, 81, 35]";"[85, 71, 35]";"[85, 71, 35]";"[85, 81, 35]";"[85, 81, 35]";"[85, 81, 35]";"[85, 81, 35]";"[85, 15, 35]";"[85, 21, 19, 16, 22, 9, 23, 18, 8, 14, 15, 17, 13, 35]";"[85, 45, 35]"
2042;"[26, 45, 82, 71]";"[26, 82, 32, 71]";"[26, 82, 50, 71]";"[26, 81, 45, 71]";"[26, 81, 45, 71]";"[26, 81, 50, 71]";"[26, 81, 50, 71]";"[26, 81, 82, 71]";"NA";"NA"
2059;"[9, 50, 71]";"[9, 82, 71]";"[9, 82, 71]";"[9, 81, 71]";"[9, 81, 71]";"[9, 35, 71]";"[9, 35, 71]";"[9, 35, 71]";"[9, 35, 42, 13, 71]";"[9, 25, 71]"
2063;"[31, 75, 44]";"[31, 71, 44]";"[31, 71, 44]";"[31, 81, 44]";"[31, 81, 44]";"[31, 81, 44]";"[31, 81, 44]";"[31, 0, 44]";"[31, 0, 13, 50, 44]";"[31, 71, 44]"
2066;"[85, 82, 63]";"[85, 71, 63]";"[85, 71, 63]";"[85, 57, 63]";"[85, 57, 63]";"[85, 81, 63]";"[85, 81, 63]";"[85, 68, 63]";"[85, 42, 13, 81, 0, 63]";"[85, 71, 63]"
2071;"[44, 82, 22, 15, 81]";"[44, 71, 82, 32, 81]";"[44, 71, 82, 50, 81]";"[44, 68, 70, 68, 81]";"[44, 68, 70, 45, 81]";"[44, 50, 81, 45, 81]";"[44, 50, 82, 45, 81]";"[44, 50, 44, 31, 81]";"[44, 0, 82, 15, 13, 9, 70, 71, 81]";"[44, 9, 25, 71, 81]"
2075;"[84, 44, 15]";"[84, 71, 15]";"[84, 71, 15]";"[84, 9, 15]";"[84, 9, 15]";"[84, 81, 15]";"[84, 81, 15]";"[84, 50, 15]";"[84, 16, 9, 22, 69, 51, 78, 68, 67, 75, 0, 81, 71, 82, 70, 13, 17, 15]";"[84, 45, 15]"
2078;"[81, 29, 26]";"[81, 71, 26]";"[81, 71, 26]";"[81, 45, 26]";"[81, 45, 26]";"[81, 45, 26]";"[81, 45, 26]";"[81, 71, 26]";"[81, 0, 29, 43, 26]";"[81, 71, 26]"
2079;"[45, 13, 50, 35, 8, 18, 9, 70, 71, 31, 25]";"[45, 71, 82, 32, 50, 35, 9, 81, 41, 26, 25]";"[45, 71, 82, 50, 81, 15, 35, 32, 44, 31, 25]";"[45, 11, 22, 11, 22, 11, 22, 11, 22, 11, 25]";"[45, 70, 68, 81, 40, 14, 17, 8, 9, 27, 25]";"[45, 81, 45, 81, 45, 81, 45, 81, 45, 81, 25]";"[45, 70, 68, 82, 35, 9, 15, 81, 50, 27, 25]";"[45, 25, 45, 25, 45, 25, 45, 25, 45, 45, 25]";"[45, 0, 44, 81, 10, 51, 48, 22, 16, 9, 50, 13, 17, 15, 27, 25]";"[45, 18, 14, 22, 9, 20, 19, 8, 11, 21, 25]"
2099;"[81, 44, 62]";"[81, 71, 62]";"[81, 71, 62]";"[81, 57, 62]";"[81, 57, 62]";"[81, 68, 62]";"[81, 68, 62]";"[81, 71, 62]";"[81, 0, 15, 17, 13, 8, 18, 23, 9, 22, 70, 71, 68, 67, 62]";"[81, 57, 62]"
2101;"[68, 27, 73, 21]";"[68, 71, 82, 21]";"[68, 71, 82, 21]";"[68, 70, 81, 21]";"[68, 70, 81, 21]";"[68, 70, 81, 21]";"[68, 70, 81, 21]";"[68, 82, 32, 21]";"[68, 13, 82, 81, 0, 25, 27, 85, 42, 84, 21]";"[68, 57, 63, 21]"
2109;"[23, 85, 32]";"[23, 71, 32]";"[23, 71, 32]";"[23, 9, 32]";"[23, 9, 32]";"[23, 9, 32]";"[23, 9, 32]";"[23, 9, 32]";"[23, 45, 0, 44, 50, 13, 32]";"[23, 71, 32]"
2111;"[71, 35, 26]";"[71, 82, 26]";"[71, 82, 26]";"[71, 81, 26]";"[71, 81, 26]";"[71, 81, 26]";"[71, 81, 26]";"[71, 22, 26]";"[71, 50, 13, 0, 45, 49, 26]";"[71, 25, 26]"
2126;"[71, 81, 74]";"[71, 82, 74]";"[71, 82, 74]";"[71, 81, 74]";"[71, 81, 74]";"[71, 81, 74]";"[71, 81, 74]";"[71, 0, 74]";"[71, 0, 79, 74]";"[71, 25, 74]"
2144;"[44, 80, 71, 35]";"[44, 71, 82, 35]";"[44, 71, 82, 35]";"[44, 68, 81, 35]";"[44, 70, 81, 35]";"[44, 50, 81, 35]";"[44, 50, 81, 35]";"[44, 50, 81, 35]";"NA";"NA"
2177;"[82, 71, 50, 21, 32, 45, 72]";"[82, 71, 32, 50, 35, 9, 72]";"[82, 71, 50, 81, 35, 15, 72]";"[82, 70, 68, 70, 68, 81, 72]";"[82, 45, 68, 70, 81, 49, 72]";"[82, 81, 50, 81, 50, 81, 72]";"[82, 50, 68, 70, 81, 45, 72]";"[82, 81, 82, 50, 82, 46, 72]";"[82, 71, 81, 0, 25, 27, 9, 35, 70, 13, 50, 72]";"[82, 27, 41, 9, 25, 71, 72]"
2185;"[19, 55, 68]";"[19, 71, 68]";"[19, 71, 68]";"[19, 81, 68]";"[19, 81, 68]";"[19, 81, 68]";"[19, 81, 68]";"[19, 14, 68]";"[19, 42, 38, 21, 41, 22, 32, 9, 23, 18, 8, 35, 13, 17, 15, 14, 25, 0, 68]";"[19, 25, 68]"
2220;"[9, 82, 25, 85]";"[9, 71, 82, 85]";"[9, 71, 32, 85]";"[9, 22, 11, 85]";"[9, 22, 11, 85]";"[9, 35, 9, 85]";"[9, 81, 50, 85]";"[9, 22, 15, 85]";"[9, 35, 13, 0, 25, 85]";"[9, 71, 25, 85]"
2223;"[41, 9, 40]";"[41, 71, 40]";"[41, 71, 40]";"[41, 9, 40]";"[41, 9, 40]";"[41, 22, 40]";"[41, 22, 40]";"[41, 36, 40]";"[41, 50, 13, 45, 0, 44, 51, 40]";"[41, 71, 40]"
2225;"[26, 82, 81]";"[26, 71, 81]";"[26, 71, 81]";"[26, 27, 81]";"[26, 27, 81]";"[26, 45, 81]";"[26, 45, 81]";"[26, 26, 81]";"[26, 0, 50, 81]";"[26, 25, 81]"
2240;"[21, 15, 82, 22]";"[21, 71, 82, 22]";"[21, 71, 32, 22]";"[21, 22, 11, 22]";"[21, 41, 11, 22]";"[21, 22, 21, 22]";"[21, 32, 41, 22]";"[21, 84, 41, 22]";"[21, 84, 9, 18, 23, 22]";"[21, 25, 57, 22]"
2241;"[22, 26, 49]";"[22, 71, 49]";"[22, 71, 49]";"[22, 81, 49]";"[22, 81, 49]";"[22, 81, 49]";"[22, 81, 49]";"[22, 21, 49]";"[22, 41, 4, 16, 84, 32, 9, 18, 8, 35, 70, 13, 17, 15, 82, 71, 81, 0, 25, 49]";"[22, 25, 49]"
2242;"[71, 81, 17]";"[71, 82, 17]";"[71, 82, 17]";"[71, 81, 17]";"[71, 81, 17]";"[71, 81, 17]";"[71, 81, 17]";"[71, 15, 17]";"[71, 82, 13, 17]";"[71, 25, 17]"
2243;"[81, 67, 68]";"[81, 71, 68]";"[81, 71, 68]";"[81, 70, 68]";"[81, 70, 68]";"[81, 50, 68]";"[81, 50, 68]";"[81, 44, 68]";"[81, 67, 68]";"[81, 25, 68]"
2254;"[2, 40, 71]";"[2, 82, 71]";"[2, 82, 71]";"[2, 81, 71]";"[2, 81, 71]";"[2, 81, 71]";"[2, 81, 71]";"[2, 32, 71]";"[2, 35, 13, 82, 71]";"[2, 25, 71]"
2255;"[41, 9, 2]";"[41, 71, 2]";"[41, 71, 2]";"[41, 81, 2]";"[41, 81, 2]";"[41, 35, 2]";"[41, 35, 2]";"[41, 22, 2]";"[41, 9, 2]";"[41, 25, 2]"
2268;"[23, 9, 35, 82, 50, 71, 15, 61]";"[23, 71, 82, 32, 50, 35, 9, 61]";"[23, 71, 32, 82, 50, 35, 9, 61]";"[23, 11, 22, 11, 22, 11, 84, 61]";"[23, 9, 81, 45, 70, 68, 57, 61]";"[23, 9, 35, 9, 35, 9, 81, 61]";"[23, 9, 82, 45, 81, 50, 70, 61]";"[23, 85, 80, 18, 23, 18, 9, 61]";"[23, 9, 18, 13, 17, 15, 70, 71, 68, 0, 1, 61]";"[23, 0, 3, 1, 7, 4, 2, 61]"
2282;"[29, 31, 44]";"[29, 71, 44]";"[29, 71, 44]";"[29, 81, 44]";"[29, 81, 44]";"[29, 81, 44]";"[29, 81, 44]";"[29, 25, 44]";"[29, 14, 19, 16, 21, 24, 22, 9, 18, 23, 8, 13, 17, 15, 0, 44]";"[29, 71, 44]"
2289;"[71, 50, 82, 17, 15, 13, 42]";"[71, 82, 32, 50, 35, 9, 42]";"[71, 82, 50, 35, 32, 81, 42]";"[71, 81, 22, 11, 22, 11, 42]";"[71, 81, 9, 21, 11, 22, 42]";"[71, 81, 50, 81, 50, 81, 42]";"[71, 82, 50, 70, 68, 81, 42]";"[71, 9, 71, 13, 71, 32, 42]";"[71, 25, 0, 13, 9, 84, 42]";"[71, 25, 9, 27, 41, 26, 42]"
2301;"[82, 9, 70, 50]";"[82, 71, 32, 50]";"[82, 71, 81, 50]";"[82, 68, 81, 50]";"[82, 68, 81, 50]";"[82, 50, 81, 50]";"[82, 70, 81, 50]";"[82, 71, 82, 50]";"[82, 71, 81, 44, 0, 45, 32, 84, 4, 41, 35, 70, 50]";"[82, 71, 25, 50]"
2302;"[9, 70, 50]";"[9, 71, 50]";"[9, 71, 50]";"[9, 81, 50]";"[9, 81, 50]";"[9, 81, 50]";"[9, 81, 50]";"[9, 32, 50]";"[9, 32, 35, 50]";"[9, 82, 50]"
2323;"[49, 81, 68]";"[49, 71, 68]";"[49, 71, 68]";"[49, 70, 68]";"[49, 70, 68]";"[49, 81, 68]";"[49, 81, 68]";"[49, 67, 68]";"[49, 0, 81, 68]";"[49, 71, 68]"
2338;"[37, 36, 22]";"[37, 71, 22]";"[37, 71, 22]";"[37, 11, 22]";"[37, 11, 22]";"[37, 41, 22]";"[37, 41, 22]";"[37, 41, 22]";"[37, 84, 13, 22]";"[37, 71, 22]"
2340;"[40, 71, 35, 9]";"[40, 71, 82, 9]";"[40, 71, 82, 9]";"[40, 68, 81, 9]";"[40, 68, 81, 9]";"[40, 9, 35, 9]";"[40, 81, 35, 9]";"[40, 39, 40, 9]";"[40, 68, 67, 0, 71, 70, 9]";"[40, 71, 25, 9]"
2341;"[48, 1, 53]";"[48, 71, 53]";"[48, 71, 53]";"[48, 73, 53]";"[48, 73, 53]";"[48, 84, 53]";"[48, 84, 53]";"[48, 19, 53]";"[48, 69, 37, 41, 35, 32, 42, 53]";"[48, 71, 53]"
2345;"[41, 84, 9, 35, 70, 50, 71, 82]";"[41, 71, 32, 50, 35, 9, 81, 82]";"[41, 71, 50, 32, 35, 15, 81, 82]";"[41, 22, 11, 22, 11, 22, 11, 82]";"[41, 11, 22, 9, 81, 70, 68, 82]";"[41, 81, 50, 81, 50, 81, 50, 82]";"[41, 22, 9, 35, 70, 81, 50, 82]";"[41, 45, 82, 22, 41, 35, 40, 82]";"[41, 84, 38, 42, 15, 13, 35, 10, 0, 82]";"[41, 18, 22, 21, 20, 9, 11, 82]"
2352;"[45, 50, 35, 2, 22, 9, 71, 72, 68, 34, 82]";"[45, 71, 32, 50, 35, 9, 81, 41, 26, 84, 82]";"[45, 71, 50, 81, 35, 15, 44, 32, 31, 70, 82]";"[45, 22, 11, 22, 11, 22, 11, 22, 11, 22, 82]";"[45, 68, 70, 81, 40, 8, 15, 14, 17, 9, 82]";"[45, 81, 45, 81, 45, 81, 45, 81, 45, 81, 82]";"[45, 70, 44, 68, 50, 81, 35, 17, 15, 9, 82]";"[45, 44, 45, 44, 45, 44, 45, 44, 45, 81, 82]";"[45, 25, 27, 29, 0, 81, 71, 50, 70, 35, 22, 84, 9, 13, 15, 82]";"[45, 32, 18, 27, 41, 25, 9, 71, 28, 26, 82]"
2354;"[35, 9, 22, 41]";"[35, 71, 82, 41]";"[35, 71, 50, 41]";"[35, 22, 11, 41]";"[35, 22, 11, 41]";"[35, 9, 35, 41]";"[35, 9, 22, 41]";"[35, 41, 84, 41]";"[35, 71, 13, 84, 41]";"[35, 71, 25, 41]"
2379;"[70, 50, 71]";"[70, 82, 71]";"[70, 82, 71]";"[70, 81, 71]";"[70, 81, 71]";"[70, 81, 71]";"[70, 81, 71]";"[70, 0, 71]";"[70, 50, 71]";"[70, 25, 71]"
2408;"[44, 50, 82]";"[44, 71, 82]";"[44, 71, 82]";"[44, 68, 82]";"[44, 68, 82]";"[44, 81, 82]";"[44, 81, 82]";"[44, 50, 82]";"[44, 81, 0, 13, 82]";"[44, 71, 82]"
2430;"[31, 75, 81, 32]";"[31, 71, 82, 32]";"[31, 71, 82, 32]";"[31, 81, 9, 32]";"[31, 81, 9, 32]";"[31, 81, 82, 32]";"[31, 81, 82, 32]";"[31, 50, 35, 32]";"[31, 0, 81, 15, 17, 13, 18, 9, 84, 32]";"[31, 45, 50, 32]"
2455;"[42, 35, 70]";"[42, 71, 70]";"[42, 71, 70]";"[42, 68, 70]";"[42, 68, 70]";"[42, 50, 70]";"[42, 50, 70]";"[42, 71, 70]";"[42, 35, 70]";"[42, 71, 70]"
2469;"[85, 82, 15]";"[85, 71, 15]";"[85, 71, 15]";"[85, 9, 15]";"[85, 9, 15]";"[85, 81, 15]";"[85, 81, 15]";"[85, 32, 15]";"[85, 13, 71, 15]";"[85, 25, 15]"
2495;"[41, 81, 45]";"[41, 71, 45]";"[41, 71, 45]";"[41, 68, 45]";"[41, 68, 45]";"[41, 81, 45]";"[41, 81, 45]";"[41, 9, 45]";"[41, 13, 82, 0, 45]";"[41, 25, 45]"
2505;"[71, 81, 44, 45, 15]";"[71, 82, 32, 50, 15]";"[71, 82, 50, 35, 15]";"[71, 81, 68, 81, 15]";"[71, 81, 40, 9, 15]";"[71, 81, 50, 81, 15]";"[71, 82, 50, 81, 15]";"[71, 82, 71, 50, 15]";"[71, 0, 31, 1, 53, 42, 13, 15]";"[71, 4, 2, 7, 15]"
2515;"[85, 53, 1, 46, 25]";"[85, 71, 82, 32, 25]";"[85, 71, 82, 50, 25]";"[85, 11, 22, 11, 25]";"[85, 68, 70, 81, 25]";"[85, 45, 81, 45, 25]";"[85, 81, 45, 27, 25]";"[85, 1, 53, 27, 25]";"[85, 1, 42, 84, 69, 70, 50, 13, 15, 0, 31, 25]";"[85, 4, 2, 7, 25]"
2517;"[81, 44, 45, 29, 43, 49, 67, 68]";"[81, 71, 82, 32, 50, 35, 9, 68]";"[81, 71, 82, 50, 35, 44, 45, 68]";"[81, 68, 70, 68, 70, 68, 70, 68]";"[81, 8, 14, 17, 9, 40, 70, 68]";"[81, 50, 81, 50, 81, 50, 81, 68]";"[81, 35, 9, 82, 50, 70, 45, 68]";"[81, 68, 81, 68, 81, 68, 81, 68]";"[81, 44, 0, 45, 25, 1, 42, 13, 50, 68]";"[81, 1, 0, 2, 7, 4, 3, 68]"
2519;"[71, 9, 32, 23, 18, 8]";"[71, 82, 32, 50, 35, 8]";"[71, 82, 50, 35, 81, 8]";"[71, 81, 70, 68, 81, 8]";"[71, 45, 70, 68, 81, 8]";"[71, 50, 81, 50, 81, 8]";"[71, 82, 50, 70, 81, 8]";"[71, 50, 70, 71, 50, 8]";"NA";"NA"
2526;"[1, 70, 39, 2, 40]";"[1, 71, 82, 32, 40]";"[1, 71, 82, 50, 40]";"[1, 39, 23, 9, 40]";"[1, 39, 23, 9, 40]";"[1, 81, 50, 81, 40]";"[1, 50, 70, 81, 40]";"[1, 53, 1, 2, 40]";"NA";"NA"
2527;"[71, 81, 82, 45, 25]";"[71, 82, 32, 50, 25]";"[71, 82, 50, 81, 25]";"[71, 81, 45, 27, 25]";"[71, 81, 45, 27, 25]";"[71, 81, 50, 81, 25]";"[71, 82, 81, 50, 25]";"[71, 45, 71, 44, 25]";"[71, 31, 0, 50, 70, 13, 84, 42, 1, 25]";"[71, 4, 2, 7, 25]"
2556;"[48, 2, 67]";"[48, 71, 67]";"[48, 71, 67]";"[48, 81, 67]";"[48, 81, 67]";"[48, 81, 67]";"[48, 81, 67]";"[48, 68, 67]";"[48, 69, 68, 67]";"[48, 31, 67]"
2561;"[82, 32, 35, 50, 23, 9, 40, 2]";"[82, 71, 32, 50, 35, 9, 81, 2]";"[82, 71, 50, 35, 81, 32, 15, 2]";"[82, 68, 70, 68, 70, 68, 81, 2]";"[82, 45, 68, 70, 81, 9, 40, 2]";"[82, 50, 81, 50, 81, 50, 81, 2]";"[82, 45, 70, 68, 50, 81, 35, 2]";"[82, 71, 50, 82, 50, 82, 71, 2]";"[82, 13, 9, 70, 71, 0, 81, 75, 67, 68, 78, 72, 79, 76, 74, 29, 25, 85, 73, 84, 69, 2]";"[82, 71, 25, 9, 27, 41, 26, 2]"
2566;"[19, 84, 22]";"[19, 71, 22]";"[19, 71, 22]";"[19, 11, 22]";"[19, 11, 22]";"[19, 41, 22]";"[19, 41, 22]";"[19, 32, 22]";"[19, 84, 22]";"[19, 71, 22]"
2567;"[0, 31, 81]";"[0, 71, 81]";"[0, 71, 81]";"[0, 27, 81]";"[0, 27, 81]";"[0, 45, 81]";"[0, 45, 81]";"[0, 31, 81]";"[0, 75, 67, 68, 78, 72, 70, 13, 71, 81]";"[0, 71, 81]"
2572;"[82, 66, 58, 25]";"[82, 71, 32, 25]";"[82, 71, 50, 25]";"[82, 45, 27, 25]";"[82, 45, 27, 25]";"[82, 81, 50, 25]";"[82, 81, 50, 25]";"[82, 71, 82, 25]";"[82, 13, 70, 84, 69, 51, 72, 79, 57, 56, 63, 55, 81, 0, 27, 25]";"[82, 71, 45, 25]"
2575;"[71, 45, 81, 68, 50]";"[71, 82, 32, 35, 50]";"[71, 82, 35, 81, 50]";"[71, 81, 68, 81, 50]";"[71, 81, 68, 70, 50]";"[71, 81, 50, 81, 50]";"[71, 82, 70, 81, 50]";"[71, 50, 71, 70, 50]";"[71, 68, 55, 63, 56, 57, 67, 75, 0, 25, 27, 13, 35, 70, 50]";"[71, 25, 9, 41, 50]"
2598;"[81, 71, 9]";"[81, 71, 9]";"[81, 71, 9]";"[81, 40, 9]";"[81, 40, 9]";"[81, 35, 9]";"[81, 35, 9]";"[81, 13, 9]";"[81, 82, 50, 15, 17, 13, 8, 18, 23, 14, 42, 19, 16, 84, 22, 9]";"[81, 41, 9]"
2608;"[38, 19, 35]";"[38, 71, 35]";"[38, 71, 35]";"[38, 23, 35]";"[38, 23, 35]";"[38, 23, 35]";"[38, 23, 35]";"[38, 85, 35]";"[38, 19, 16, 84, 22, 9, 23, 18, 8, 13, 17, 15, 50, 70, 35]";"[38, 41, 35]"
2646;"[32, 71, 22, 84]";"[32, 71, 82, 84]";"[32, 71, 35, 84]";"[32, 22, 11, 84]";"[32, 11, 22, 84]";"[32, 22, 32, 84]";"[32, 41, 22, 84]";"[32, 41, 32, 84]";"[32, 18, 8, 17, 71, 70, 9, 84]";"[32, 71, 25, 84]"
2671;"[84, 36, 22]";"[84, 71, 22]";"[84, 71, 22]";"[84, 11, 22]";"[84, 11, 22]";"[84, 41, 22]";"[84, 41, 22]";"[84, 41, 22]";"[84, 13, 70, 22]";"[84, 45, 22]"
2672;"[39, 50, 2, 41]";"[39, 71, 82, 41]";"[39, 71, 82, 41]";"[39, 22, 11, 41]";"[39, 11, 22, 41]";"[39, 9, 35, 41]";"[39, 35, 9, 41]";"[39, 40, 51, 41]";"[39, 71, 9, 41]";"[39, 71, 25, 41]"
2673;"[37, 82, 71, 68, 62, 52]";"[37, 71, 82, 32, 50, 52]";"[37, 71, 82, 50, 35, 52]";"[37, 68, 70, 68, 57, 52]";"[37, 68, 70, 81, 57, 52]";"[37, 70, 81, 50, 81, 52]";"[37, 68, 81, 50, 70, 52]";"[37, 50, 17, 41, 68, 52]";"[37, 9, 13, 50, 71, 0, 25, 52]";"[37, 25, 71, 9, 41, 52]"
2678;"[14, 3, 26]";"[14, 71, 26]";"[14, 71, 26]";"[14, 9, 26]";"[14, 9, 26]";"[14, 81, 26]";"[14, 81, 26]";"[14, 35, 26]";"[14, 13, 35, 10, 26]";"[14, 9, 26]"
2680;"[16, 82, 18]";"[16, 71, 18]";"[16, 71, 18]";"[16, 23, 18]";"[16, 23, 18]";"[16, 23, 18]";"[16, 23, 18]";"[16, 9, 18]";"[16, 42, 0, 13, 18]";"[16, 9, 18]"
2690;"[35, 82, 0, 81]";"[35, 71, 82, 81]";"[35, 71, 82, 81]";"[35, 70, 68, 81]";"[35, 68, 70, 81]";"[35, 81, 50, 81]";"[35, 70, 50, 81]";"[35, 71, 31, 81]";"[35, 25, 0, 81]";"[35, 45, 50, 81]"
2691;"[25, 27, 50, 44, 68]";"[25, 71, 82, 32, 68]";"[25, 71, 82, 50, 68]";"[25, 81, 68, 70, 68]";"[25, 81, 45, 70, 68]";"[25, 81, 45, 81, 68]";"[25, 81, 45, 70, 68]";"[25, 51, 36, 55, 68]";"NA";"NA"
2700;"[14, 13, 71, 9, 39, 40, 2]";"[14, 71, 82, 32, 50, 35, 2]";"[14, 71, 82, 50, 35, 32, 2]";"[14, 81, 68, 70, 68, 81, 2]";"[14, 9, 40, 68, 70, 81, 2]";"[14, 81, 50, 81, 50, 81, 2]";"[14, 15, 9, 82, 50, 81, 2]";"[14, 3, 14, 8, 13, 17, 2]";"[14, 27, 25, 0, 71, 13, 9, 84, 2]";"[14, 71, 25, 41, 9, 27, 2]"
2733;"[15, 35, 71]";"[15, 82, 71]";"[15, 82, 71]";"[15, 81, 71]";"[15, 81, 71]";"[15, 81, 71]";"[15, 81, 71]";"[15, 50, 71]";"[15, 13, 42, 84, 17, 71]";"[15, 41, 71]"
2735;"[55, 63, 56]";"[55, 71, 56]";"[55, 71, 56]";"[55, 57, 56]";"[55, 57, 56]";"[55, 57, 56]";"[55, 57, 56]";"[55, 55, 56]";"[55, 15, 42, 9, 13, 70, 79, 56]";"[55, 82, 56]"
2747;"[51, 42, 73]";"[51, 71, 73]";"[51, 71, 73]";"[51, 81, 73]";"[51, 81, 73]";"[51, 81, 73]";"[51, 81, 73]";"[51, 45, 73]";"[51, 42, 73]";"[51, 82, 73]"
2771;"[70, 81, 13]";"[70, 71, 13]";"[70, 71, 13]";"[70, 81, 13]";"[70, 81, 13]";"[70, 81, 13]";"[70, 81, 13]";"[70, 50, 13]";"[70, 84, 42, 13]";"[70, 82, 13]"
2789;"[15, 14, 85]";"[15, 71, 85]";"[15, 71, 85]";"[15, 9, 85]";"[15, 9, 85]";"[15, 81, 85]";"[15, 81, 85]";"[15, 8, 85]";"[15, 13, 42, 85]";"[15, 41, 85]"
2808;"[40, 39, 51]";"[40, 71, 51]";"[40, 71, 51]";"[40, 68, 51]";"[40, 68, 51]";"[40, 81, 51]";"[40, 81, 51]";"[40, 2, 51]";"[40, 2, 13, 42, 84, 4, 69, 51]";"[40, 82, 51]"
2818;"[44, 50, 68, 71, 81]";"[44, 71, 82, 32, 81]";"[44, 71, 82, 50, 81]";"[44, 68, 70, 68, 81]";"[44, 68, 70, 45, 81]";"[44, 50, 81, 45, 81]";"[44, 50, 82, 45, 81]";"[44, 31, 44, 31, 81]";"[44, 25, 13, 71, 0, 81]";"[44, 71, 25, 9, 81]"
2824;"[50, 81, 75]";"[50, 71, 75]";"[50, 71, 75]";"[50, 81, 75]";"[50, 81, 75]";"[50, 81, 75]";"[50, 81, 75]";"[50, 44, 75]";"[50, 1, 0, 75]";"[50, 4, 75]"
2826;"[21, 45, 49, 76]";"[21, 71, 82, 76]";"[21, 71, 82, 76]";"[21, 22, 11, 76]";"[21, 11, 22, 76]";"[21, 81, 50, 76]";"[21, 81, 50, 76]";"[21, 76, 34, 76]";"[21, 1, 13, 70, 0, 76]";"[21, 4, 2, 76]"
2839;"[82, 84, 41]";"[82, 71, 41]";"[82, 71, 41]";"[82, 81, 41]";"[82, 81, 41]";"[82, 81, 41]";"[82, 81, 41]";"[82, 84, 41]";"[82, 84, 41]";"[82, 57, 41]"
2846;"[11, 70, 35, 40, 9]";"[11, 71, 82, 32, 9]";"[11, 71, 82, 50, 9]";"[11, 22, 11, 22, 9]";"[11, 22, 21, 14, 9]";"[11, 22, 11, 22, 9]";"[11, 22, 32, 35, 9]";"[11, 35, 9, 22, 9]";"[11, 69, 16, 42, 27, 25, 0, 13, 35, 9]";"[11, 21, 20, 18, 9]"
2850;"[71, 68, 52]";"[71, 82, 52]";"[71, 82, 52]";"[71, 57, 52]";"[71, 57, 52]";"[71, 81, 52]";"[71, 81, 52]";"[71, 62, 52]";"[71, 0, 81, 52]";"[71, 25, 52]"
2852;"[41, 68, 67]";"[41, 71, 67]";"[41, 71, 67]";"[41, 81, 67]";"[41, 81, 67]";"[41, 81, 67]";"[41, 81, 67]";"[41, 2, 67]";"[41, 13, 82, 81, 0, 67]";"[41, 71, 67]"
2857;"[23, 9, 18]";"[23, 71, 18]";"[23, 71, 18]";"[23, 39, 18]";"[23, 39, 18]";"[23, 9, 18]";"[23, 9, 18]";"[23, 82, 18]";"[23, 9, 18]";"[23, 71, 18]"
2893;"[57, 68, 82]";"[57, 71, 82]";"[57, 71, 82]";"[57, 27, 82]";"[57, 27, 82]";"[57, 81, 82]";"[57, 81, 82]";"[57, 52, 82]";"[57, 81, 44, 0, 45, 25, 27, 50, 82]";"[57, 25, 82]"
2903;"[21, 84, 41, 71, 81, 44, 45, 73]";"[21, 71, 82, 32, 50, 35, 9, 73]";"[21, 71, 32, 84, 82, 41, 50, 73]";"[21, 22, 11, 22, 11, 22, 11, 73]";"[21, 22, 11, 81, 68, 70, 45, 73]";"[21, 22, 21, 22, 21, 22, 41, 73]";"[21, 32, 41, 22, 84, 85, 48, 73]";"[21, 19, 21, 19, 73, 51, 42, 73]";"[21, 84, 48, 50, 82, 71, 81, 44, 0, 45, 25, 73]";"[21, 50, 45, 9, 25, 71, 48, 73]"
2904;"[47, 53, 44, 81, 71, 50, 73]";"[47, 71, 82, 32, 50, 35, 73]";"[47, 71, 32, 82, 50, 85, 73]";"[47, 11, 22, 11, 22, 11, 73]";"[47, 68, 70, 45, 81, 48, 73]";"[47, 85, 84, 85, 84, 85, 73]";"[47, 84, 85, 21, 32, 41, 73]";"[47, 47, 47, 47, 47, 45, 73]";"NA";"NA"
2905;"[39, 78, 41]";"[39, 71, 41]";"[39, 71, 41]";"[39, 23, 41]";"[39, 23, 41]";"[39, 35, 41]";"[39, 35, 41]";"[39, 2, 41]";"[39, 13, 84, 41]";"[39, 71, 41]"
2907;"[9, 13, 17, 41, 36, 35, 71, 68, 0, 44]";"[9, 71, 82, 32, 50, 35, 81, 45, 26, 44]";"[9, 71, 82, 50, 32, 35, 81, 15, 45, 44]";"[9, 11, 22, 11, 22, 11, 22, 11, 81, 44]";"[9, 8, 17, 14, 15, 81, 45, 70, 68, 44]";"[9, 81, 50, 81, 50, 81, 50, 81, 50, 44]";"[9, 15, 35, 70, 68, 45, 81, 50, 82, 44]";"[9, 71, 23, 9, 70, 9, 13, 32, 19, 44]";"NA";"NA"
2908;"[45, 82, 84, 1, 71, 50, 70, 13, 9]";"[45, 71, 82, 32, 50, 35, 81, 41, 9]";"[45, 71, 82, 50, 32, 35, 81, 15, 9]";"[45, 70, 68, 70, 68, 70, 68, 81, 9]";"[45, 68, 70, 81, 17, 15, 8, 14, 9]";"[45, 81, 50, 81, 50, 81, 50, 81, 9]";"[45, 68, 70, 81, 50, 82, 35, 15, 9]";"[45, 56, 23, 45, 81, 44, 45, 32, 9]";"NA";"NA"
2909;"[71, 50, 82]";"[71, 32, 82]";"[71, 50, 82]";"[71, 81, 82]";"[71, 81, 82]";"[71, 81, 82]";"[71, 81, 82]";"[71, 81, 82]";"NA";"NA"
2912;"[40, 71, 68, 57]";"[40, 71, 82, 57]";"[40, 71, 82, 57]";"[40, 70, 68, 57]";"[40, 68, 70, 57]";"[40, 68, 81, 57]";"[40, 68, 81, 57]";"[40, 72, 6, 57]";"[40, 51, 2, 37, 36, 4, 41, 32, 35, 13, 50, 44, 0, 57]";"[40, 71, 25, 57]"
2956;"[5, 29, 31, 85, 35]";"[5, 71, 82, 32, 35]";"[5, 71, 82, 50, 35]";"[5, 39, 23, 9, 35]";"[5, 39, 23, 9, 35]";"[5, 81, 45, 81, 35]";"[5, 81, 45, 82, 35]";"[5, 45, 29, 63, 35]";"[5, 0, 15, 17, 13, 8, 42, 38, 16, 22, 9, 32, 35]";"[5, 71, 25, 9, 35]"
3002;"[35, 84, 26]";"[35, 71, 26]";"[35, 71, 26]";"[35, 9, 26]";"[35, 9, 26]";"[35, 50, 26]";"[35, 50, 26]";"[35, 31, 26]";"[35, 13, 17, 15, 0, 26]";"[35, 9, 26]"
3004;"[9, 82, 32, 71]";"[9, 82, 32, 71]";"[9, 82, 50, 71]";"[9, 81, 45, 71]";"[9, 81, 45, 71]";"[9, 81, 50, 71]";"[9, 81, 50, 71]";"[9, 71, 9, 71]";"[9, 22, 84, 16, 1, 86, 0, 13, 15, 71]";"[9, 82, 81, 71]"
3007;"[82, 32, 17]";"[82, 71, 17]";"[82, 71, 17]";"[82, 9, 17]";"[82, 9, 17]";"[82, 81, 17]";"[82, 81, 17]";"[82, 81, 17]";"[82, 0, 71, 13, 17]";"[82, 71, 17]"
3017;"[69, 82, 3, 2]";"[69, 71, 82, 2]";"[69, 71, 50, 2]";"[69, 45, 81, 2]";"[69, 45, 81, 2]";"[69, 48, 81, 2]";"[69, 48, 81, 2]";"[69, 48, 40, 2]";"[69, 84, 25, 0, 13, 71, 2]";"[69, 71, 25, 2]"
3034;"[71, 25, 82]";"[71, 32, 82]";"[71, 50, 82]";"[71, 81, 82]";"[71, 81, 82]";"[71, 81, 82]";"[71, 81, 82]";"[71, 50, 82]";"[71, 0, 25, 82]";"[71, 57, 82]"
3042;"[81, 0, 78]";"[81, 71, 78]";"[81, 71, 78]";"[81, 45, 78]";"[81, 45, 78]";"[81, 50, 78]";"[81, 50, 78]";"[81, 32, 78]";"[81, 0, 78]";"[81, 71, 78]"
3047;"[82, 71, 70]";"[82, 71, 70]";"[82, 71, 70]";"[82, 68, 70]";"[82, 68, 70]";"[82, 50, 70]";"[82, 50, 70]";"[82, 50, 70]";"[82, 71, 70]";"[82, 71, 70]"
3062;"[0, 31, 71]";"[0, 82, 71]";"[0, 82, 71]";"[0, 81, 71]";"[0, 81, 71]";"[0, 81, 71]";"[0, 81, 71]";"[0, 31, 71]";"[0, 75, 67, 68, 35, 13, 70, 71]";"[0, 25, 71]"
3072;"[37, 50, 71, 13, 70, 82]";"[37, 71, 32, 50, 35, 82]";"[37, 71, 50, 35, 32, 82]";"[37, 22, 11, 22, 11, 82]";"[37, 11, 22, 9, 81, 82]";"[37, 81, 50, 81, 50, 82]";"[37, 22, 9, 81, 50, 82]";"[37, 36, 35, 69, 48, 82]";"[37, 84, 42, 77, 69, 51, 79, 70, 13, 82]";"[37, 68, 71, 70, 76, 82]"
3084;"[9, 35, 71]";"[9, 82, 71]";"[9, 82, 71]";"[9, 81, 71]";"[9, 81, 71]";"[9, 35, 71]";"[9, 35, 71]";"[9, 35, 71]";"[9, 84, 42, 13, 50, 71]";"[9, 68, 71]"
3091;"[22, 9, 18, 50]";"[22, 71, 82, 50]";"[22, 71, 82, 50]";"[22, 11, 81, 50]";"[22, 11, 81, 50]";"[22, 9, 81, 50]";"[22, 9, 81, 50]";"[22, 9, 70, 50]";"[22, 69, 84, 42, 13, 50]";"[22, 71, 68, 50]"
3092;"[71, 50, 70]";"[71, 82, 70]";"[71, 82, 70]";"[71, 81, 70]";"[71, 81, 70]";"[71, 81, 70]";"[71, 81, 70]";"[71, 50, 70]";"[71, 50, 70]";"[71, 68, 70]"
3094;"[9, 32, 18]";"[9, 71, 18]";"[9, 71, 18]";"[9, 23, 18]";"[9, 23, 18]";"[9, 23, 18]";"[9, 23, 18]";"[9, 25, 18]";"[9, 42, 84, 69, 79, 0, 81, 15, 13, 18]";"[9, 71, 18]"
3127;"[50, 70, 39, 40, 48, 49]";"[50, 71, 82, 32, 35, 49]";"[50, 71, 82, 81, 35, 49]";"[50, 68, 70, 68, 81, 49]";"[50, 68, 70, 45, 81, 49]";"[50, 81, 50, 81, 50, 49]";"[50, 70, 82, 45, 81, 49]";"[50, 81, 43, 49, 71, 49]";"[50, 70, 71, 15, 17, 13, 9, 27, 25, 45, 0, 67, 49]";"[50, 9, 71, 25, 27, 49]"
3128;"[19, 35, 32]";"[19, 71, 32]";"[19, 71, 32]";"[19, 21, 32]";"[19, 21, 32]";"[19, 22, 32]";"[19, 22, 32]";"[19, 23, 32]";"[19, 13, 32]";"[19, 25, 32]"
3134;"[32, 14, 68]";"[32, 71, 68]";"[32, 71, 68]";"[32, 70, 68]";"[32, 70, 68]";"[32, 35, 68]";"[32, 35, 68]";"[32, 50, 68]";"[32, 9, 13, 35, 68]";"[32, 71, 68]"
3187;"[2, 48, 47]";"[2, 71, 47]";"[2, 71, 47]";"[2, 81, 47]";"[2, 81, 47]";"[2, 81, 47]";"[2, 81, 47]";"[2, 53, 47]";"[2, 35, 13, 25, 27, 1, 47]";"[2, 25, 47]"
3201;"[23, 32, 9]";"[23, 71, 9]";"[23, 71, 9]";"[23, 40, 9]";"[23, 40, 9]";"[23, 35, 9]";"[23, 35, 9]";"[23, 32, 9]";"[23, 32, 9]";"[23, 71, 9]"
3248;"[81, 0, 31, 82, 50, 71, 70, 35, 32, 4, 41, 21, 40]";"[81, 71, 82, 32, 50, 35, 9, 45, 26, 41, 84, 22, 40]";"[81, 71, 82, 50, 35, 15, 32, 45, 44, 70, 68, 2, 40]";"[81, 11, 22, 11, 22, 11, 22, 11, 22, 11, 22, 11, 40]";"[81, 45, 68, 70, 35, 9, 8, 14, 15, 17, 23, 39, 40]";"[81, 50, 81, 50, 81, 50, 81, 50, 82, 81, 50, 81, 40]";"[81, 45, 68, 70, 44, 50, 82, 2, 35, 9, 17, 15, 40]";"[81, 44, 71, 81, 82, 71, 81, 82, 71, 81, 44, 0, 40]";"[81, 0, 45, 25, 27, 13, 15, 82, 71, 50, 70, 35, 9, 32, 84, 22, 69, 40]";"[81, 25, 20, 32, 9, 41, 28, 18, 27, 71, 26, 45, 40]"
3271;"[81, 43, 72, 35]";"[81, 71, 82, 35]";"[81, 71, 82, 35]";"[81, 68, 81, 35]";"[81, 70, 68, 35]";"[81, 50, 81, 35]";"[81, 50, 82, 35]";"[81, 82, 81, 35]";"[81, 0, 71, 50, 13, 35]";"[81, 71, 25, 35]"
3274;"[22, 21, 49]";"[22, 71, 49]";"[22, 71, 49]";"[22, 81, 49]";"[22, 81, 49]";"[22, 81, 49]";"[22, 81, 49]";"[22, 26, 49]";"[22, 84, 42, 13, 71, 82, 81, 0, 29, 49]";"[22, 25, 49]"
3338;"[35, 70, 17]";"[35, 71, 17]";"[35, 71, 17]";"[35, 9, 17]";"[35, 9, 17]";"[35, 9, 17]";"[35, 9, 17]";"[35, 15, 17]";"[35, 70, 17]";"[35, 71, 17]"
3354;"[24, 84, 4]";"[24, 71, 4]";"[24, 71, 4]";"[24, 11, 4]";"[24, 11, 4]";"[24, 22, 4]";"[24, 22, 4]";"[24, 84, 4]";"[24, 84, 4]";"[24, 71, 4]"
3368;"[45, 25, 82, 71, 35]";"[45, 71, 82, 32, 35]";"[45, 71, 82, 50, 35]";"[45, 70, 68, 81, 35]";"[45, 70, 68, 81, 35]";"[45, 81, 45, 81, 35]";"[45, 81, 50, 82, 35]";"[45, 0, 31, 50, 35]";"[45, 25, 15, 17, 13, 8, 18, 23, 9, 19, 21, 16, 22, 35]";"[45, 71, 25, 9, 35]"
3370;"[17, 8, 85]";"[17, 71, 85]";"[17, 71, 85]";"[17, 9, 85]";"[17, 9, 85]";"[17, 15, 85]";"[17, 15, 85]";"[17, 14, 85]";"[17, 45, 0, 44, 81, 82, 50, 13, 84, 42, 85]";"[17, 71, 85]"
3387;"[50, 71, 31, 49, 33]";"[50, 71, 82, 32, 33]";"[50, 71, 82, 81, 33]";"[50, 70, 68, 81, 33]";"[50, 68, 70, 81, 33]";"[50, 81, 50, 81, 33]";"[50, 82, 45, 81, 33]";"[50, 62, 71, 68, 33]";"[50, 51, 48, 84, 13, 82, 71, 44, 81, 0, 45, 49, 33]";"[50, 25, 71, 9, 33]"
3391;"[31, 81, 50]";"[31, 71, 50]";"[31, 71, 50]";"[31, 81, 50]";"[31, 81, 50]";"[31, 81, 50]";"[31, 81, 50]";"[31, 70, 50]";"[31, 0, 44, 29, 45, 13, 50]";"[31, 71, 50]"
3395;"[44, 0, 71]";"[44, 82, 71]";"[44, 82, 71]";"[44, 81, 71]";"[44, 81, 71]";"[44, 81, 71]";"[44, 81, 71]";"[44, 31, 71]";"[44, 0, 71]";"[44, 25, 71]"
3398;"[18, 50, 71, 23, 1, 13]";"[18, 71, 82, 32, 50, 13]";"[18, 71, 82, 50, 32, 13]";"[18, 23, 39, 23, 9, 13]";"[18, 23, 9, 14, 17, 13]";"[18, 23, 9, 35, 9, 13]";"[18, 23, 35, 9, 15, 13]";"[18, 71, 8, 18, 8, 13]";"[18, 9, 70, 35, 50, 71, 0, 25, 27, 13]";"[18, 55, 56, 63, 57, 13]"
3408;"[73, 38, 9, 32]";"[73, 71, 82, 32]";"[73, 71, 82, 32]";"[73, 22, 11, 32]";"[73, 11, 22, 32]";"[73, 41, 22, 32]";"[73, 41, 22, 32]";"[73, 38, 85, 32]";"[73, 25, 32]";"[73, 71, 25, 32]"
3417;"[45, 82, 71]";"[45, 82, 71]";"[45, 82, 71]";"[45, 81, 71]";"[45, 81, 71]";"[45, 81, 71]";"[45, 81, 71]";"[45, 82, 71]";"[45, 0, 39, 40, 36, 37, 41, 32, 35, 71]";"[45, 25, 71]"
3467;"[35, 82, 71, 68, 57, 79, 41]";"[35, 71, 82, 32, 50, 9, 41]";"[35, 71, 50, 82, 32, 9, 41]";"[35, 11, 22, 11, 22, 11, 41]";"[35, 68, 70, 81, 22, 11, 41]";"[35, 9, 35, 9, 35, 9, 41]";"[35, 9, 82, 50, 70, 81, 41]";"[35, 40, 35, 9, 35, 84, 41]";"[35, 32, 13, 15, 27, 25, 0, 10, 51, 40, 37, 36, 41]";"[35, 18, 21, 20, 9, 22, 41]"
3468;"[2, 70, 50, 15, 13, 32, 49]";"[2, 71, 82, 32, 50, 35, 49]";"[2, 71, 82, 50, 35, 81, 49]";"[2, 81, 68, 70, 68, 81, 49]";"[2, 40, 70, 68, 45, 81, 49]";"[2, 81, 50, 81, 50, 81, 49]";"[2, 35, 68, 81, 50, 82, 49]";"[2, 40, 2, 63, 2, 48, 49]";"[2, 78, 79, 72, 51, 69, 84, 70, 82, 71, 81, 0, 25, 49]";"[2, 48, 50, 45, 51, 44, 49]"
3470;"[81, 44, 45, 25, 46, 72]";"[81, 71, 82, 32, 50, 72]";"[81, 71, 82, 50, 35, 72]";"[81, 68, 70, 68, 81, 72]";"[81, 35, 9, 23, 39, 72]";"[81, 82, 81, 82, 81, 72]";"[81, 70, 68, 82, 50, 72]";"[81, 75, 81, 44, 45, 72]";"[81, 0, 67, 68, 71, 82, 15, 13, 70, 35, 32, 42, 16, 84, 41, 37, 36, 69, 51, 40, 2, 39, 78, 57, 79, 10, 72]";"[81, 18, 9, 21, 20, 72]"
3477;"[39, 70, 50]";"[39, 71, 50]";"[39, 71, 50]";"[39, 68, 50]";"[39, 68, 50]";"[39, 81, 50]";"[39, 81, 50]";"[39, 35, 50]";"[39, 0, 13, 50]";"[39, 71, 50]"
3478;"[81, 50, 45]";"[81, 71, 45]";"[81, 71, 45]";"[81, 68, 45]";"[81, 68, 45]";"[81, 82, 45]";"[81, 82, 45]";"[81, 44, 45]";"[81, 82, 79, 69, 84, 13, 0, 45]";"[81, 9, 45]"
3505;"[25, 27, 81, 71]";"[25, 82, 32, 71]";"[25, 82, 50, 71]";"[25, 81, 45, 71]";"[25, 81, 45, 71]";"[25, 81, 50, 71]";"[25, 81, 50, 71]";"[25, 82, 45, 71]";"[25, 14, 18, 23, 9, 22, 16, 21, 19, 8, 15, 17, 13, 71]";"[25, 18, 9, 71]"
3506;"[32, 9, 23]";"[32, 71, 23]";"[32, 71, 23]";"[32, 9, 23]";"[32, 9, 23]";"[32, 9, 23]";"[32, 9, 23]";"[32, 18, 23]";"[32, 9, 23]";"[32, 71, 23]"
3513;"[71, 50, 37]";"[71, 82, 37]";"[71, 82, 37]";"[71, 81, 37]";"[71, 81, 37]";"[71, 81, 37]";"[71, 81, 37]";"[71, 69, 37]";"[71, 0, 29, 13, 37]";"[71, 31, 37]"
3534;"[23, 82, 74]";"[23, 71, 74]";"[23, 71, 74]";"[23, 39, 74]";"[23, 39, 74]";"[23, 81, 74]";"[23, 81, 74]";"[23, 0, 74]";"[23, 13, 70, 71, 68, 67, 0, 75, 76, 74]";"[23, 71, 74]"
3568;"[32, 9, 28]";"[32, 71, 28]";"[32, 71, 28]";"[32, 22, 28]";"[32, 11, 28]";"[32, 22, 28]";"[32, 22, 28]";"[32, 81, 28]";"[32, 9, 28]";"[32, 71, 28]"
3600;"[31, 3, 11]";"[31, 71, 11]";"[31, 71, 11]";"[31, 81, 11]";"[31, 81, 11]";"[31, 81, 11]";"[31, 81, 11]";"[31, 42, 11]";"[31, 0, 71, 13, 84, 11]";"[31, 71, 11]"
3607;"[9, 8, 13]";"[9, 71, 13]";"[9, 71, 13]";"[9, 8, 13]";"[9, 14, 13]";"[9, 35, 13]";"[9, 35, 13]";"[9, 35, 13]";"[9, 84, 50, 13]";"[9, 71, 13]"
3609;"[75, 67, 81, 71, 50, 82, 9, 36]";"[75, 71, 82, 32, 50, 35, 9, 36]";"[75, 71, 82, 50, 81, 35, 32, 36]";"[75, 81, 11, 22, 11, 22, 11, 36]";"[75, 45, 70, 68, 81, 22, 11, 36]";"[75, 81, 50, 81, 50, 68, 81, 36]";"[75, 45, 82, 50, 70, 68, 81, 36]";"[75, 43, 49, 13, 70, 18, 71, 36]";"[75, 0, 67, 79, 72, 78, 15, 13, 70, 9, 22, 69, 36]";"[75, 71, 67, 76, 70, 68, 69, 36]"
3626;"[71, 81, 45, 32, 50]";"[71, 82, 32, 35, 50]";"[71, 82, 35, 81, 50]";"[71, 81, 68, 81, 50]";"[71, 81, 70, 68, 50]";"[71, 81, 50, 81, 50]";"[71, 82, 70, 81, 50]";"[71, 50, 70, 71, 50]";"[71, 0, 25, 13, 9, 35, 70, 50]";"[71, 25, 57, 9, 50]"
3659;"[71, 82, 81, 45]";"[71, 82, 32, 45]";"[71, 82, 50, 45]";"[71, 81, 68, 45]";"[71, 81, 70, 45]";"[71, 50, 81, 45]";"[71, 50, 81, 45]";"[71, 81, 44, 45]";"[71, 13, 70, 78, 72, 68, 67, 75, 0, 45]";"[71, 25, 9, 45]"
3665;"[71, 2, 40]";"[71, 82, 40]";"[71, 82, 40]";"[71, 81, 40]";"[71, 81, 40]";"[71, 81, 40]";"[71, 81, 40]";"[71, 36, 40]";"[71, 13, 9, 40]";"[71, 25, 40]"
3668;"[17, 9, 39, 40, 82]";"[17, 71, 32, 50, 82]";"[17, 71, 50, 15, 82]";"[17, 81, 70, 68, 82]";"[17, 81, 70, 68, 82]";"[17, 81, 50, 81, 82]";"[17, 15, 81, 50, 82]";"[17, 13, 15, 50, 82]";"[17, 13, 9, 25, 29, 0, 71, 82]";"[17, 71, 25, 9, 82]"
3671;"[71, 69, 48, 84, 41, 19]";"[71, 82, 32, 50, 35, 19]";"[71, 82, 50, 35, 32, 19]";"[71, 81, 11, 22, 11, 19]";"[71, 81, 9, 22, 11, 19]";"[71, 81, 50, 70, 81, 19]";"[71, 82, 50, 70, 81, 19]";"[71, 50, 71, 32, 38, 19]";"[71, 81, 0, 25, 14, 8, 17, 15, 13, 18, 23, 9, 22, 24, 21, 16, 19]";"[71, 25, 9, 18, 20, 19]"
3729;"[81, 82, 67, 63, 0, 44]";"[81, 71, 82, 32, 50, 44]";"[81, 71, 82, 50, 35, 44]";"[81, 68, 70, 68, 81, 44]";"[81, 45, 68, 70, 49, 44]";"[81, 50, 81, 50, 81, 44]";"[81, 45, 68, 50, 82, 44]";"[81, 44, 0, 31, 81, 44]";"NA";"NA"
3735;"[63, 55, 56]";"[63, 71, 56]";"[63, 71, 56]";"[63, 57, 56]";"[63, 57, 56]";"[63, 57, 56]";"[63, 57, 56]";"[63, 63, 56]";"NA";"NA"
3736;"[84, 68, 25, 82, 71]";"[84, 82, 32, 50, 71]";"[84, 82, 50, 32, 71]";"[84, 68, 70, 81, 71]";"[84, 70, 68, 81, 71]";"[84, 50, 81, 50, 71]";"[84, 82, 81, 50, 71]";"[84, 9, 84, 41, 71]";"NA";"NA"
3745;"[40, 11, 48, 2]";"[40, 71, 82, 2]";"[40, 71, 50, 2]";"[40, 9, 40, 2]";"[40, 68, 81, 2]";"[40, 35, 40, 2]";"[40, 70, 81, 2]";"[40, 39, 40, 2]";"[40, 69, 4, 84, 9, 13, 70, 35, 2]";"[40, 71, 9, 2]"
3747;"[9, 22, 41]";"[9, 71, 41]";"[9, 71, 41]";"[9, 11, 41]";"[9, 11, 41]";"[9, 22, 41]";"[9, 22, 41]";"[9, 22, 41]";"[9, 13, 84, 41]";"[9, 32, 41]"
3748;"[75, 43, 49, 31, 81, 82]";"[75, 71, 32, 50, 35, 82]";"[75, 71, 50, 81, 35, 82]";"[75, 81, 68, 70, 68, 82]";"[75, 81, 45, 68, 70, 82]";"[75, 81, 50, 81, 50, 82]";"[75, 81, 50, 70, 68, 82]";"[75, 67, 74, 31, 71, 82]";"[75, 81, 71, 50, 70, 9, 84, 38, 42, 13, 15, 82]";"[75, 40, 35, 32, 41, 82]"
3750;"[31, 82, 71]";"[31, 82, 71]";"[31, 82, 71]";"[31, 81, 71]";"[31, 81, 71]";"[31, 81, 71]";"[31, 81, 71]";"[31, 31, 71]";"[31, 29, 0, 71]";"[31, 41, 71]"
3751;"[0, 31, 22]";"[0, 71, 22]";"[0, 71, 22]";"[0, 11, 22]";"[0, 11, 22]";"[0, 35, 22]";"[0, 35, 22]";"[0, 31, 22]";"[0, 81, 13, 42, 84, 4, 22]";"[0, 41, 22]"
3752;"[9, 22, 81]";"[9, 71, 81]";"[9, 71, 81]";"[9, 40, 81]";"[9, 40, 81]";"[9, 35, 81]";"[9, 35, 81]";"[9, 15, 81]";"[9, 42, 13, 81]";"[9, 41, 81]"
3757;"[71, 82, 50, 70, 35]";"[71, 82, 32, 50, 35]";"[71, 82, 50, 81, 35]";"[71, 81, 68, 81, 35]";"[71, 81, 68, 70, 35]";"[71, 81, 50, 81, 35]";"[71, 50, 70, 81, 35]";"[71, 35, 70, 71, 35]";"[71, 15, 13, 42, 35]";"[71, 41, 32, 40, 35]"
3758;"[32, 31, 23, 18, 35]";"[32, 71, 82, 50, 35]";"[32, 71, 82, 50, 35]";"[32, 11, 22, 11, 35]";"[32, 22, 11, 9, 35]";"[32, 9, 35, 9, 35]";"[32, 70, 81, 9, 35]";"[32, 71, 32, 19, 35]";"[32, 9, 84, 42, 13, 15, 71, 50, 70, 35]";"[32, 39, 40, 41, 35]"
3761;"[14, 17, 13, 35, 81, 71, 44, 31, 50, 15]";"[14, 71, 82, 32, 50, 35, 9, 81, 45, 15]";"[14, 71, 82, 50, 32, 35, 81, 45, 9, 15]";"[14, 22, 11, 22, 11, 22, 11, 22, 11, 15]";"[14, 8, 9, 40, 70, 68, 45, 81, 17, 15]";"[14, 15, 81, 50, 81, 50, 81, 50, 81, 15]";"[14, 8, 81, 50, 70, 45, 82, 35, 9, 15]";"[14, 15, 13, 17, 13, 17, 15, 13, 17, 15]";"[14, 42, 38, 16, 84, 4, 22, 9, 13, 17, 82, 81, 71, 50, 70, 15]";"[14, 35, 41, 32, 36, 37, 39, 40, 38, 15]"
3762;"[14, 50, 71, 81, 82]";"[14, 71, 32, 50, 82]";"[14, 71, 50, 35, 82]";"[14, 81, 70, 68, 82]";"[14, 81, 70, 68, 82]";"[14, 81, 50, 81, 82]";"[14, 15, 81, 50, 82]";"[14, 15, 13, 70, 82]";"[14, 42, 13, 70, 50, 82]";"[14, 35, 32, 41, 82]"
3767;"[50, 35, 40, 2, 51]";"[50, 71, 82, 32, 51]";"[50, 71, 82, 35, 51]";"[50, 70, 68, 81, 51]";"[50, 70, 68, 81, 51]";"[50, 81, 50, 81, 51]";"[50, 70, 68, 81, 51]";"[50, 68, 50, 68, 51]";"NA";"NA"
3771;"[85, 46, 44]";"[85, 71, 44]";"[85, 71, 44]";"[85, 81, 44]";"[85, 81, 44]";"[85, 81, 44]";"[85, 81, 44]";"[85, 31, 44]";"NA";"NA"
3772;"[84, 9, 35, 70, 15, 17]";"[84, 71, 82, 32, 50, 17]";"[84, 71, 82, 50, 32, 17]";"[84, 22, 11, 22, 11, 17]";"[84, 22, 11, 21, 9, 17]";"[84, 50, 81, 50, 81, 17]";"[84, 50, 81, 35, 9, 17]";"[84, 9, 8, 84, 70, 17]";"NA";"NA"
3774;"[56, 63, 55]";"[56, 71, 55]";"[56, 71, 55]";"[56, 57, 55]";"[56, 57, 55]";"[56, 57, 55]";"[56, 57, 55]";"[56, 78, 55]";"NA";"NA"
3775;"[9, 35, 44, 75]";"[9, 71, 82, 75]";"[9, 71, 82, 75]";"[9, 81, 45, 75]";"[9, 81, 45, 75]";"[9, 81, 50, 75]";"[9, 81, 50, 75]";"[9, 71, 76, 75]";"NA";"NA"
3811;"[35, 50, 82, 41]";"[35, 71, 82, 41]";"[35, 71, 50, 41]";"[35, 22, 11, 41]";"[35, 22, 11, 41]";"[35, 9, 35, 41]";"[35, 9, 22, 41]";"[35, 9, 22, 41]";"[35, 50, 15, 17, 13, 14, 18, 9, 32, 22, 41]";"[35, 45, 50, 41]"
3844;"[31, 25, 16]";"[31, 71, 16]";"[31, 71, 16]";"[31, 81, 16]";"[31, 81, 16]";"[31, 81, 16]";"[31, 81, 16]";"[31, 84, 16]";"NA";"NA"
3846;"[70, 0, 4]";"[70, 71, 4]";"[70, 71, 4]";"[70, 81, 4]";"[70, 81, 4]";"[70, 81, 4]";"[70, 81, 4]";"[70, 50, 4]";"[70, 15, 17, 13, 8, 18, 23, 9, 22, 4]";"[70, 45, 4]"
3868;"[82, 50, 71]";"[82, 32, 71]";"[82, 50, 71]";"[82, 81, 71]";"[82, 81, 71]";"[82, 81, 71]";"[82, 81, 71]";"[82, 50, 71]";"[82, 81, 0, 31, 71]";"[82, 25, 71]"
3869;"[31, 85, 27, 25, 36]";"[31, 71, 82, 32, 36]";"[31, 71, 82, 50, 36]";"[31, 81, 22, 11, 36]";"[31, 81, 22, 11, 36]";"[31, 81, 50, 81, 36]";"[31, 82, 50, 81, 36]";"[31, 0, 31, 69, 36]";"NA";"NA"
3878;"[3, 71, 48]";"[3, 71, 48]";"[3, 71, 48]";"[3, 41, 48]";"[3, 41, 48]";"[3, 41, 48]";"[3, 41, 48]";"[3, 69, 48]";"[3, 51, 48]";"[3, 45, 48]"
3888;"[7, 35, 70, 50]";"[7, 71, 82, 50]";"[7, 71, 82, 50]";"[7, 45, 81, 50]";"[7, 45, 81, 50]";"[7, 50, 81, 50]";"[7, 81, 82, 50]";"[7, 84, 70, 50]";"[7, 69, 84, 42, 25, 0, 81, 82, 13, 50]";"[7, 41, 32, 50]"
3890;"[27, 42, 38, 22, 41, 37, 9, 23, 8, 32]";"[27, 71, 82, 50, 35, 9, 81, 45, 26, 32]";"[27, 71, 82, 50, 35, 45, 81, 15, 25, 32]";"[27, 22, 11, 22, 11, 22, 11, 22, 11, 32]";"[27, 45, 70, 68, 81, 9, 11, 22, 21, 32]";"[27, 81, 45, 81, 45, 81, 45, 27, 81, 32]";"[27, 81, 50, 70, 45, 82, 35, 9, 15, 32]";"[27, 15, 8, 14, 25, 27, 50, 14, 25, 32]";"[27, 42, 38, 84, 4, 69, 51, 2, 78, 72, 79, 68, 67, 0, 81, 71, 82, 50, 70, 35, 32]";"[27, 38, 36, 37, 40, 35, 41, 71, 39, 32]"
3891;"[40, 39, 68, 51]";"[40, 71, 82, 51]";"[40, 71, 82, 51]";"[40, 68, 81, 51]";"[40, 68, 81, 51]";"[40, 35, 40, 51]";"[40, 70, 81, 51]";"[40, 39, 2, 51]";"[40, 50, 15, 13, 82, 81, 0, 45, 25, 42, 84, 69, 51]";"[40, 71, 41, 51]"
3963;"[18, 25, 4]";"[18, 71, 4]";"[18, 71, 4]";"[18, 23, 4]";"[18, 23, 4]";"[18, 23, 4]";"[18, 23, 4]";"[18, 36, 4]";"[18, 13, 70, 71, 0, 31, 42, 84, 4]";"[18, 9, 4]"
3977;"[4, 25, 18]";"[4, 71, 18]";"[4, 71, 18]";"[4, 39, 18]";"[4, 39, 18]";"[4, 23, 18]";"[4, 23, 18]";"[4, 9, 18]";"[4, 84, 42, 0, 31, 71, 70, 13, 18]";"[4, 9, 18]"
4049;"[19, 23, 32]";"[19, 71, 32]";"[19, 71, 32]";"[19, 21, 32]";"[19, 21, 32]";"[19, 22, 32]";"[19, 22, 32]";"[19, 35, 32]";"[19, 13, 71, 32]";"[19, 71, 32]"
4053;"[71, 68, 81]";"[71, 82, 81]";"[71, 82, 81]";"[71, 45, 81]";"[71, 45, 81]";"[71, 50, 81]";"[71, 50, 81]";"[71, 67, 81]";"[71, 70, 13, 0, 81]";"[71, 25, 81]"
4069;"[23, 82, 71, 22, 3]";"[23, 71, 82, 32, 3]";"[23, 71, 32, 82, 3]";"[23, 11, 22, 11, 3]";"[23, 9, 22, 11, 3]";"[23, 35, 9, 23, 3]";"[23, 35, 9, 81, 3]";"[23, 9, 23, 40, 3]";"[23, 27, 25, 45, 0, 44, 13, 50, 51, 48, 3]";"[23, 25, 71, 45, 3]"
4085;"[84, 15, 50]";"[84, 71, 50]";"[84, 71, 50]";"[84, 81, 50]";"[84, 81, 50]";"[84, 81, 50]";"[84, 81, 50]";"[84, 68, 50]";"[84, 70, 13, 50]";"[84, 71, 50]"
4105;"[82, 17, 13]";"[82, 71, 13]";"[82, 71, 13]";"[82, 9, 13]";"[82, 9, 13]";"[82, 81, 13]";"[82, 81, 13]";"[82, 44, 13]";"[82, 0, 70, 13]";"[82, 71, 13]"
4106;"[45, 15, 82, 71, 35, 70, 50]";"[45, 71, 82, 32, 35, 9, 50]";"[45, 71, 82, 81, 35, 15, 50]";"[45, 70, 68, 70, 68, 81, 50]";"[45, 68, 70, 44, 27, 81, 50]";"[45, 81, 45, 81, 45, 81, 50]";"[45, 70, 68, 82, 44, 81, 50]";"[45, 0, 31, 50, 44, 45, 50]";"[45, 0, 44, 81, 25, 85, 84, 48, 51, 82, 50]";"[45, 82, 71, 25, 9, 81, 50]"
4107;"[81, 44, 45]";"[81, 71, 45]";"[81, 71, 45]";"[81, 68, 45]";"[81, 68, 45]";"[81, 82, 45]";"[81, 82, 45]";"[81, 44, 45]";"[81, 71, 70, 35, 9, 32, 23, 8, 18, 14, 13, 17, 15, 0, 45]";"[81, 71, 45]"
4108;"[50, 81, 44]";"[50, 71, 44]";"[50, 71, 44]";"[50, 81, 44]";"[50, 81, 44]";"[50, 81, 44]";"[50, 81, 44]";"[50, 81, 44]";"[50, 70, 35, 9, 32, 23, 18, 8, 13, 17, 15, 71, 0, 44]";"[50, 71, 44]"
4113;"[82, 35, 71]";"[82, 32, 71]";"[82, 50, 71]";"[82, 81, 71]";"[82, 81, 71]";"[82, 81, 71]";"[82, 81, 71]";"[82, 50, 71]";"[82, 50, 71]";"[82, 25, 71]"
4121;"[53, 36, 40]";"[53, 71, 40]";"[53, 71, 40]";"[53, 81, 40]";"[53, 81, 40]";"[53, 81, 40]";"[53, 81, 40]";"[53, 14, 40]";"[53, 13, 35, 40]";"[53, 71, 40]"
4123;"[35, 50, 9]";"[35, 71, 9]";"[35, 71, 9]";"[35, 40, 9]";"[35, 40, 9]";"[35, 15, 9]";"[35, 15, 9]";"[35, 70, 9]";"[35, 70, 71, 13, 8, 18, 9]";"[35, 25, 9]"
4124;"[71, 43, 49, 81]";"[71, 82, 32, 81]";"[71, 82, 50, 81]";"[71, 81, 68, 81]";"[71, 45, 68, 81]";"[71, 81, 50, 81]";"[71, 82, 50, 81]";"[71, 68, 71, 81]";"[71, 15, 17, 13, 35, 8, 18, 9, 22, 19, 38, 42, 27, 25, 0, 81]";"[71, 45, 50, 81]"
4126;"[8, 35, 82, 50, 70]";"[8, 71, 82, 32, 70]";"[8, 71, 82, 50, 70]";"[8, 81, 70, 68, 70]";"[8, 9, 81, 68, 70]";"[8, 9, 81, 50, 70]";"[8, 9, 81, 50, 70]";"[8, 18, 35, 39, 70]";"[8, 13, 27, 25, 0, 75, 67, 68, 71, 50, 70]";"[8, 45, 48, 50, 70]"
4127;"[71, 45, 50]";"[71, 82, 50]";"[71, 82, 50]";"[71, 81, 50]";"[71, 81, 50]";"[71, 81, 50]";"[71, 81, 50]";"[71, 70, 50]";"[71, 0, 25, 50]";"[71, 25, 50]"
4129;"[41, 32, 19, 73, 51, 35, 50]";"[41, 71, 82, 32, 35, 9, 50]";"[41, 71, 82, 35, 32, 84, 50]";"[41, 22, 11, 22, 11, 81, 50]";"[41, 11, 22, 21, 9, 81, 50]";"[41, 81, 50, 81, 50, 81, 50]";"[41, 22, 9, 35, 70, 81, 50]";"[41, 68, 22, 41, 35, 70, 50]";"[41, 9, 35, 71, 81, 0, 25, 27, 13, 50]";"[41, 71, 25, 9, 27, 26, 50]"
4130;"[68, 82, 45, 44]";"[68, 71, 82, 44]";"[68, 71, 82, 44]";"[68, 70, 81, 44]";"[68, 70, 81, 44]";"[68, 81, 68, 44]";"[68, 70, 81, 44]";"[68, 71, 75, 44]";"[68, 0, 27, 44]";"[68, 25, 27, 44]"
4133;"[41, 45, 82, 8]";"[41, 71, 82, 8]";"[41, 71, 32, 8]";"[41, 22, 11, 8]";"[41, 11, 22, 8]";"[41, 35, 9, 8]";"[41, 35, 9, 8]";"[41, 9, 18, 8]";"[41, 84, 69, 51, 72, 79, 78, 68, 67, 81, 0, 29, 82, 50, 70, 8]";"[41, 4, 2, 8]"
4134;"[45, 0, 44, 25, 31, 81, 82, 71, 50]";"[45, 71, 82, 32, 35, 9, 81, 41, 50]";"[45, 71, 82, 81, 35, 15, 32, 44, 50]";"[45, 70, 68, 70, 68, 70, 68, 81, 50]";"[45, 81, 2, 35, 9, 40, 70, 68, 50]";"[45, 81, 45, 81, 45, 81, 45, 81, 50]";"[45, 70, 68, 82, 35, 9, 15, 81, 50]";"[45, 15, 50, 44, 45, 71, 15, 70, 50]";"[45, 25, 27, 85, 84, 51, 81, 0, 82, 13, 50]";"[45, 25, 26, 48, 28, 27, 44, 49, 50]"
4141;"[25, 51, 71, 81, 0, 31, 14]";"[25, 71, 82, 32, 50, 35, 14]";"[25, 71, 82, 50, 45, 32, 14]";"[25, 81, 68, 70, 68, 81, 14]";"[25, 81, 68, 70, 45, 9, 14]";"[25, 81, 45, 81, 45, 81, 14]";"[25, 27, 82, 45, 81, 15, 14]";"[25, 27, 81, 25, 82, 8, 14]";"[25, 27, 0, 71, 70, 13, 9, 14]";"[25, 9, 71, 28, 26, 27, 14]"
4160;"[71, 17, 70, 82]";"[71, 32, 50, 82]";"[71, 50, 81, 82]";"[71, 81, 68, 82]";"[71, 81, 70, 82]";"[71, 81, 50, 82]";"[71, 81, 50, 82]";"[71, 82, 71, 82]";"[71, 13, 15, 70, 82]";"[71, 9, 18, 82]"
4171;"[71, 22, 3, 14, 81]";"[71, 82, 32, 50, 81]";"[71, 82, 50, 35, 81]";"[71, 81, 70, 68, 81]";"[71, 45, 68, 70, 81]";"[71, 50, 81, 50, 81]";"[71, 82, 50, 70, 81]";"[71, 50, 71, 31, 81]";"[71, 50, 51, 2, 81]";"[71, 45, 50, 48, 81]"
4182;"[28, 32, 50]";"[28, 71, 50]";"[28, 71, 50]";"[28, 81, 50]";"[28, 81, 50]";"[28, 81, 50]";"[28, 81, 50]";"[28, 70, 50]";"[28, 73, 38, 42, 9, 35, 13, 17, 15, 71, 68, 67, 75, 29, 45, 0, 44, 50]";"[28, 25, 50]"
4183;"[33, 49, 13, 32]";"[33, 71, 82, 32]";"[33, 71, 82, 32]";"[33, 23, 9, 32]";"[33, 23, 9, 32]";"[33, 23, 81, 32]";"[33, 23, 81, 32]";"[33, 31, 81, 32]";"[33, 74, 49, 29, 45, 0, 44, 75, 67, 68, 71, 50, 35, 42, 38, 73, 32]";"[33, 25, 31, 32]"
4185;"[31, 32, 71, 51, 46]";"[31, 71, 82, 32, 46]";"[31, 71, 82, 50, 46]";"[31, 81, 68, 81, 46]";"[31, 81, 70, 68, 46]";"[31, 81, 45, 81, 46]";"[31, 81, 45, 82, 46]";"[31, 25, 31, 41, 46]";"[31, 0, 44, 15, 17, 13, 50, 35, 9, 16, 38, 42, 46]";"[31, 25, 27, 26, 46]"
4198;"[81, 44, 75, 49]";"[81, 71, 82, 49]";"[81, 71, 82, 49]";"[81, 68, 81, 49]";"[81, 70, 68, 49]";"[81, 45, 81, 49]";"[81, 45, 82, 49]";"[81, 44, 0, 49]";"[81, 71, 70, 13, 0, 49]";"[81, 71, 25, 49]"
4199;"[10, 78, 39, 40, 26]";"[10, 71, 82, 32, 26]";"[10, 71, 82, 50, 26]";"[10, 23, 81, 45, 26]";"[10, 23, 81, 45, 26]";"[10, 81, 45, 81, 26]";"[10, 23, 81, 50, 26]";"[10, 56, 57, 29, 26]";"NA";"NA"
4202;"[32, 85, 31, 26]";"[32, 71, 82, 26]";"[32, 71, 82, 26]";"[32, 22, 11, 26]";"[32, 11, 22, 26]";"[32, 81, 50, 26]";"[32, 81, 50, 26]";"[32, 31, 3, 26]";"NA";"NA"
4203;"[40, 82, 84]";"[40, 71, 84]";"[40, 71, 84]";"[40, 68, 84]";"[40, 68, 84]";"[40, 70, 84]";"[40, 70, 84]";"[40, 40, 84]";"NA";"NA"
4204;"[31, 23, 32, 9]";"[31, 71, 82, 9]";"[31, 71, 82, 9]";"[31, 81, 40, 9]";"[31, 81, 40, 9]";"[31, 81, 35, 9]";"[31, 81, 35, 9]";"[31, 37, 81, 9]";"NA";"NA"
4205;"[31, 37, 81, 35]";"[31, 71, 82, 35]";"[31, 71, 82, 35]";"[31, 81, 9, 35]";"[31, 81, 9, 35]";"[31, 81, 82, 35]";"[31, 81, 82, 35]";"[31, 0, 31, 35]";"NA";"NA"
4206;"[23, 8, 84, 22, 31]";"[23, 71, 82, 32, 31]";"[23, 71, 82, 50, 31]";"[23, 9, 81, 0, 31]";"[23, 9, 81, 0, 31]";"[23, 9, 81, 50, 31]";"[23, 9, 81, 50, 31]";"[23, 82, 9, 67, 31]";"NA";"NA"
4209;"[24, 4, 84, 9, 22, 32, 18, 23, 15, 36]";"[24, 71, 82, 32, 50, 35, 9, 81, 45, 36]";"[24, 71, 41, 84, 22, 32, 82, 50, 35, 36]";"[24, 22, 11, 22, 11, 22, 11, 22, 11, 36]";"[24, 22, 11, 40, 68, 70, 81, 9, 23, 36]";"[24, 22, 11, 22, 11, 22, 11, 22, 41, 36]";"[24, 23, 9, 35, 70, 81, 41, 22, 21, 36]";"[24, 23, 21, 48, 3, 24, 41, 37, 4, 36]";"NA";"NA"
4210;"[48, 51, 32]";"[48, 71, 32]";"[48, 71, 32]";"[48, 11, 32]";"[48, 11, 32]";"[48, 22, 32]";"[48, 22, 32]";"[48, 19, 32]";"NA";"NA"
4211;"[2, 35, 70, 9, 81, 82, 25]";"[2, 71, 82, 32, 50, 35, 25]";"[2, 71, 82, 50, 35, 32, 25]";"[2, 81, 70, 68, 81, 45, 25]";"[2, 40, 70, 68, 81, 45, 25]";"[2, 50, 81, 50, 81, 50, 25]";"[2, 35, 70, 45, 81, 50, 25]";"[2, 48, 25, 40, 2, 9, 25]";"NA";"NA"
4212;"[32, 47, 14, 9, 18, 84, 36, 4]";"[32, 71, 82, 50, 35, 9, 81, 4]";"[32, 71, 82, 35, 50, 41, 84, 4]";"[32, 22, 11, 22, 11, 22, 11, 4]";"[32, 22, 11, 40, 68, 70, 81, 4]";"[32, 22, 32, 22, 32, 22, 32, 4]";"[32, 22, 9, 35, 70, 50, 81, 4]";"[32, 42, 21, 32, 84, 41, 25, 4]";"NA";"NA"
4213;"[37, 24, 10]";"[37, 71, 10]";"[37, 71, 10]";"[37, 23, 10]";"[37, 23, 10]";"[37, 23, 10]";"[37, 23, 10]";"[37, 69, 10]";"NA";"NA"
4214;"[39, 69, 24, 85, 9]";"[39, 71, 82, 32, 9]";"[39, 71, 82, 50, 9]";"[39, 23, 39, 23, 9]";"[39, 70, 68, 81, 9]";"[39, 35, 9, 35, 9]";"[39, 70, 81, 35, 9]";"[39, 35, 39, 35, 9]";"NA";"NA"
4216;"[9, 71, 81]";"[9, 71, 81]";"[9, 71, 81]";"[9, 40, 81]";"[9, 40, 81]";"[9, 82, 81]";"[9, 35, 81]";"[9, 15, 81]";"[9, 84, 16, 38, 42, 13, 82, 0, 81]";"[9, 25, 81]"
4217;"[1, 47, 27, 81, 44, 45, 82, 13, 17, 0]";"[1, 71, 82, 32, 50, 35, 9, 81, 45, 0]";"[1, 71, 82, 50, 32, 45, 81, 35, 85, 0]";"[1, 22, 11, 22, 11, 22, 11, 22, 11, 0]";"[1, 39, 23, 9, 40, 70, 68, 45, 81, 0]";"[1, 45, 81, 45, 81, 45, 81, 45, 81, 0]";"[1, 27, 81, 50, 70, 45, 82, 9, 35, 0]";"[1, 70, 23, 1, 71, 23, 1, 71, 81, 0]";"[1, 42, 38, 16, 4, 36, 22, 9, 35, 70, 13, 17, 15, 50, 71, 68, 67, 45, 0]";"[1, 18, 25, 71, 9, 41, 40, 35, 32, 0]"
4219;"[39, 2, 40, 51, 36, 37, 4, 41, 21]";"[39, 71, 82, 32, 50, 35, 9, 81, 21]";"[39, 71, 82, 50, 35, 32, 41, 84, 21]";"[39, 11, 22, 11, 22, 11, 22, 11, 21]";"[39, 70, 68, 81, 40, 9, 22, 11, 21]";"[39, 9, 35, 9, 35, 9, 35, 9, 21]";"[39, 70, 81, 50, 82, 35, 9, 22, 21]";"[39, 69, 48, 40, 39, 69, 48, 40, 21]";"[39, 51, 2, 68, 67, 81, 0, 25, 27, 15, 82, 71, 50, 70, 13, 17, 8, 18, 9, 22, 84, 16, 21]";"[39, 45, 50, 25, 51, 44, 49, 48, 21]"
4244;"[32, 42, 11]";"[32, 71, 11]";"[32, 71, 11]";"[32, 22, 11]";"[32, 22, 11]";"[32, 22, 11]";"[32, 22, 11]";"[32, 42, 11]";"[32, 41, 11]";"[32, 71, 11]"
4245;"[32, 71, 42, 11]";"[32, 71, 82, 11]";"[32, 71, 82, 11]";"[32, 11, 22, 11]";"[32, 21, 22, 11]";"[32, 11, 22, 11]";"[32, 41, 22, 11]";"[32, 4, 3, 11]";"NA";"NA"
4257;"[9, 71, 35]";"[9, 71, 35]";"[9, 71, 35]";"[9, 40, 35]";"[9, 40, 35]";"[9, 15, 35]";"[9, 15, 35]";"[9, 50, 35]";"[9, 50, 15, 13, 70, 35]";"[9, 71, 35]"
4261;"[71, 50, 15, 35, 23, 9, 68, 22, 41, 19, 16]";"[71, 82, 32, 50, 35, 9, 81, 45, 26, 41, 16]";"[71, 82, 50, 35, 32, 81, 15, 70, 41, 84, 16]";"[71, 81, 22, 11, 22, 11, 22, 11, 22, 11, 16]";"[71, 81, 45, 68, 70, 40, 9, 21, 11, 22, 16]";"[71, 81, 50, 81, 50, 81, 50, 81, 50, 81, 16]";"[71, 50, 70, 68, 81, 45, 82, 35, 9, 23, 16]";"[71, 69, 71, 50, 71, 50, 71, 50, 71, 84, 16]";"[71, 50, 35, 9, 23, 18, 8, 13, 17, 15, 44, 0, 45, 25, 27, 14, 42, 38, 19, 36, 22, 16]";"[71, 25, 35, 55, 56, 32, 63, 41, 59, 57, 16]"
4290;"[17, 13, 50, 70, 2, 40]";"[17, 71, 82, 32, 50, 40]";"[17, 71, 82, 50, 35, 40]";"[17, 81, 70, 68, 81, 40]";"[17, 9, 81, 70, 68, 40]";"[17, 9, 81, 50, 81, 40]";"[17, 9, 82, 50, 81, 40]";"[17, 13, 70, 9, 2, 40]";"[17, 15, 13, 16, 84, 40]";"[17, 18, 9, 20, 21, 40]"
4314;"[17, 14, 71]";"[17, 82, 71]";"[17, 82, 71]";"[17, 81, 71]";"[17, 81, 71]";"[17, 81, 71]";"[17, 81, 71]";"[17, 13, 71]";"[17, 13, 9, 71]";"[17, 41, 71]"
4315;"[17, 13, 11]";"[17, 71, 11]";"[17, 71, 11]";"[17, 22, 11]";"[17, 22, 11]";"[17, 22, 11]";"[17, 22, 11]";"[17, 42, 11]";"[17, 13, 11]";"[17, 41, 11]"
4316;"[18, 13, 17, 32]";"[18, 71, 82, 32]";"[18, 71, 82, 32]";"[18, 22, 11, 32]";"[18, 11, 22, 32]";"[18, 23, 9, 32]";"[18, 23, 9, 32]";"[18, 35, 9, 32]";"[18, 9, 32]";"[18, 71, 9, 32]"
4328;"[72, 39, 71]";"[72, 82, 71]";"[72, 82, 71]";"[72, 81, 71]";"[72, 81, 71]";"[72, 81, 71]";"[72, 81, 71]";"[72, 48, 71]";"[72, 79, 51, 69, 84, 42, 13, 82, 15, 71]";"[72, 68, 71]"
4368;"[27, 71, 50, 8]";"[27, 71, 82, 8]";"[27, 71, 82, 8]";"[27, 81, 9, 8]";"[27, 81, 9, 8]";"[27, 81, 45, 8]";"[27, 81, 45, 8]";"[27, 35, 18, 8]";"[27, 25, 0, 81, 71, 13, 8]";"[27, 25, 71, 8]"
4369;"[82, 81, 28]";"[82, 71, 28]";"[82, 71, 28]";"[82, 45, 28]";"[82, 45, 28]";"[82, 50, 28]";"[82, 50, 28]";"[82, 9, 28]";"[82, 0, 13, 84, 77, 28]";"[82, 71, 28]"
4372;"[7, 84, 22, 82]";"[7, 71, 32, 82]";"[7, 71, 50, 82]";"[7, 40, 68, 82]";"[7, 40, 68, 82]";"[7, 81, 50, 82]";"[7, 81, 50, 82]";"[7, 35, 70, 82]";"[7, 71, 82]";"[7, 71, 25, 82]"
4375;"[84, 9, 25]";"[84, 71, 25]";"[84, 71, 25]";"[84, 45, 25]";"[84, 45, 25]";"[84, 50, 25]";"[84, 50, 25]";"[84, 58, 25]";"[84, 69, 0, 25]";"[84, 71, 25]"
4376;"[73, 4, 3, 26]";"[73, 71, 82, 26]";"[73, 71, 82, 26]";"[73, 81, 45, 26]";"[73, 81, 45, 26]";"[73, 81, 50, 26]";"[73, 81, 50, 26]";"[73, 38, 84, 26]";"[73, 77, 48, 69, 51, 79, 50, 0, 44, 45, 49, 26]";"[73, 71, 68, 26]"
4389;"[9, 25, 82]";"[9, 71, 82]";"[9, 71, 82]";"[9, 81, 82]";"[9, 81, 82]";"[9, 81, 82]";"[9, 81, 82]";"[9, 32, 82]";"[9, 69, 51, 79, 82]";"[9, 71, 82]"
4396;"[34, 31, 44, 25]";"[34, 71, 82, 25]";"[34, 71, 82, 25]";"[34, 23, 9, 25]";"[34, 23, 9, 25]";"[34, 81, 45, 25]";"[34, 81, 45, 25]";"[34, 49, 31, 25]";"[34, 49, 0, 13, 50, 42, 45, 25]";"[34, 41, 32, 25]"
4399;"[36, 41, 22]";"[36, 71, 22]";"[36, 71, 22]";"[36, 11, 22]";"[36, 11, 22]";"[36, 41, 22]";"[36, 41, 22]";"[36, 84, 22]";"[36, 48, 51, 0, 45, 50, 22]";"[36, 71, 22]"
4431;"[50, 71, 82]";"[50, 71, 82]";"[50, 71, 82]";"[50, 68, 82]";"[50, 68, 82]";"[50, 81, 82]";"[50, 81, 82]";"[50, 81, 82]";"[50, 15, 0, 81, 82]";"[50, 45, 82]"
4436;"[82, 81, 44, 45, 71, 68, 57, 79, 6, 78, 39, 35, 9, 32, 42]";"[82, 71, 32, 50, 35, 9, 81, 45, 41, 26, 84, 22, 15, 31, 42]";"[82, 71, 50, 32, 35, 81, 15, 45, 9, 70, 84, 14, 17, 8, 42]";"[82, 11, 22, 11, 22, 11, 22, 11, 22, 11, 22, 11, 22, 11, 42]";"[82, 45, 68, 70, 81, 40, 8, 17, 14, 15, 9, 21, 22, 11, 42]";"[82, 81, 50, 81, 50, 81, 50, 81, 50, 81, 50, 81, 50, 81, 42]";"[82, 45, 70, 68, 50, 27, 81, 35, 9, 15, 17, 8, 14, 23, 42]";"[82, 32, 15, 82, 50, 15, 82, 15, 82, 15, 82, 15, 82, 13, 42]";"NA";"NA"
4440;"[32, 38, 85, 80]";"[32, 71, 82, 80]";"[32, 71, 82, 80]";"[32, 22, 11, 80]";"[32, 11, 22, 80]";"[32, 41, 22, 80]";"[32, 41, 22, 80]";"[32, 47, 15, 80]";"[32, 9, 18, 8, 42, 1, 80]";"[32, 45, 50, 80]"
4449;"[85, 14, 27]";"[85, 71, 27]";"[85, 71, 27]";"[85, 45, 27]";"[85, 45, 27]";"[85, 45, 27]";"[85, 45, 27]";"[85, 81, 27]";"[85, 14, 27]";"[85, 82, 27]"
4450;"[85, 32, 23, 84]";"[85, 71, 82, 84]";"[85, 71, 82, 84]";"[85, 84, 85, 84]";"[85, 11, 22, 84]";"[85, 84, 85, 84]";"[85, 32, 22, 84]";"[85, 82, 21, 84]";"[85, 27, 25, 71, 0, 13, 9, 84]";"[85, 25, 71, 84]"
4454;"[0, 31, 71]";"[0, 82, 71]";"[0, 82, 71]";"[0, 81, 71]";"[0, 81, 71]";"[0, 81, 71]";"[0, 81, 71]";"[0, 31, 71]";"[0, 25, 13, 71]";"[0, 25, 71]"
4468;"[46, 70, 35]";"[46, 71, 35]";"[46, 71, 35]";"[46, 81, 35]";"[46, 81, 35]";"[46, 81, 35]";"[46, 81, 35]";"[46, 71, 35]";"[46, 29, 0, 13, 35]";"[46, 45, 35]"
4472;"[71, 36, 82, 21, 9, 45]";"[71, 82, 32, 50, 35, 45]";"[71, 82, 50, 81, 35, 45]";"[71, 81, 70, 68, 81, 45]";"[71, 81, 44, 68, 70, 45]";"[71, 50, 81, 45, 81, 45]";"[71, 82, 50, 70, 81, 45]";"[71, 45, 71, 81, 44, 45]";"[71, 50, 35, 84, 9, 13, 0, 25, 27, 45]";"[71, 25, 41, 9, 27, 45]"
4621;"[1, 53, 85]";"[1, 71, 85]";"[1, 71, 85]";"[1, 84, 85]";"[1, 84, 85]";"[1, 84, 85]";"[1, 84, 85]";"[1, 27, 85]";"[1, 16, 22, 9, 18, 8, 13, 17, 15, 25, 85]";"[1, 25, 85]"
4650;"[36, 84, 16]";"[36, 71, 16]";"[36, 71, 16]";"[36, 19, 16]";"[36, 19, 16]";"[36, 19, 16]";"[36, 19, 16]";"[36, 84, 16]";"[36, 22, 9, 19, 16]";"[36, 71, 16]"
4682;"[71, 50, 82]";"[71, 32, 82]";"[71, 50, 82]";"[71, 81, 82]";"[71, 81, 82]";"[71, 81, 82]";"[71, 81, 82]";"[71, 81, 82]";"[71, 81, 0, 82]";"[71, 25, 82]"
4689;"[50, 81, 82]";"[50, 71, 82]";"[50, 71, 82]";"[50, 68, 82]";"[50, 68, 82]";"[50, 81, 82]";"[50, 81, 82]";"[50, 71, 82]";"[50, 70, 13, 0, 82]";"[50, 71, 82]"
4698;"[53, 82, 0]";"[53, 71, 0]";"[53, 71, 0]";"[53, 57, 0]";"[53, 57, 0]";"[53, 81, 0]";"[53, 81, 0]";"[53, 14, 0]";"[53, 42, 13, 81, 0]";"[53, 57, 0]"
4702;"[57, 52, 81, 82]";"[57, 71, 32, 82]";"[57, 71, 50, 82]";"[57, 70, 68, 82]";"[57, 68, 70, 82]";"[57, 68, 81, 82]";"[57, 68, 81, 82]";"[57, 68, 34, 82]";"[57, 71, 13, 82]";"[57, 71, 25, 82]"
4710;"[13, 35, 21, 16]";"[13, 71, 82, 16]";"[13, 71, 82, 16]";"[13, 22, 11, 16]";"[13, 11, 22, 16]";"[13, 9, 23, 16]";"[13, 9, 23, 16]";"[13, 70, 84, 16]";"[13, 15, 71, 70, 35, 9, 32, 41, 16]";"[13, 57, 63, 16]"
4726;"[32, 2, 5, 9, 8, 35, 39, 70]";"[32, 71, 82, 50, 35, 9, 81, 70]";"[32, 71, 82, 50, 35, 9, 15, 70]";"[32, 11, 22, 11, 22, 11, 81, 70]";"[32, 11, 22, 9, 81, 45, 68, 70]";"[32, 9, 35, 9, 35, 9, 35, 70]";"[32, 35, 9, 82, 45, 81, 50, 70]";"[32, 9, 35, 32, 35, 32, 50, 70]";"NA";"NA"
4742;"[76, 49, 81, 9]";"[76, 71, 82, 9]";"[76, 71, 82, 9]";"[76, 81, 40, 9]";"[76, 81, 40, 9]";"[76, 81, 35, 9]";"[76, 81, 35, 9]";"[76, 81, 70, 9]";"[76, 49, 0, 44, 71, 70, 50, 15, 17, 13, 8, 18, 23, 9]";"[76, 71, 25, 9]"
4749;"[19, 32, 8, 13, 0]";"[19, 71, 82, 32, 0]";"[19, 71, 82, 50, 0]";"[19, 11, 22, 11, 0]";"[19, 22, 11, 81, 0]";"[19, 81, 50, 81, 0]";"[19, 23, 9, 81, 0]";"[19, 21, 32, 17, 0]";"[19, 84, 69, 48, 51, 78, 68, 67, 75, 44, 71, 50, 70, 13, 45, 0]";"[19, 71, 25, 9, 0]"
4783;"[67, 25, 44]";"[67, 71, 44]";"[67, 71, 44]";"[67, 81, 44]";"[67, 81, 44]";"[67, 81, 44]";"[67, 81, 44]";"[67, 81, 44]";"[67, 51, 0, 44]";"[67, 45, 44]"
4786;"[61, 15, 82, 50, 71, 81, 44, 45, 25, 40, 21]";"[61, 71, 82, 32, 50, 35, 9, 81, 45, 41, 21]";"[61, 71, 32, 82, 47, 84, 85, 50, 41, 35, 21]";"[61, 11, 22, 11, 22, 11, 22, 11, 22, 11, 21]";"[61, 63, 57, 27, 45, 68, 70, 81, 22, 11, 21]";"[61, 73, 21, 22, 21, 22, 21, 22, 21, 22, 21]";"[61, 27, 81, 50, 70, 82, 35, 9, 32, 22, 21]";"[61, 3, 61, 3, 61, 3, 61, 47, 27, 73, 21]";"[61, 1, 27, 25, 0, 81, 71, 82, 13, 50, 70, 35, 9, 22, 84, 21]";"[61, 32, 28, 18, 27, 26, 9, 41, 71, 25, 21]"
4790;"[16, 84, 41]";"[16, 71, 41]";"[16, 71, 41]";"[16, 11, 41]";"[16, 11, 41]";"[16, 22, 41]";"[16, 22, 41]";"[16, 84, 41]";"[16, 84, 41]";"[16, 82, 41]"
4817;"[11, 35, 9, 50, 44, 23]";"[11, 71, 82, 32, 50, 23]";"[11, 71, 82, 50, 32, 23]";"[11, 22, 11, 22, 11, 23]";"[11, 22, 21, 9, 40, 23]";"[11, 22, 11, 22, 11, 23]";"[11, 22, 32, 35, 9, 23]";"[11, 70, 69, 48, 9, 23]";"[11, 69, 22, 16, 9, 15, 13, 23]";"[11, 18, 9, 20, 21, 23]"
4828;"[35, 71, 50, 17, 41]";"[35, 71, 82, 32, 41]";"[35, 71, 82, 50, 41]";"[35, 11, 22, 11, 41]";"[35, 9, 11, 22, 41]";"[35, 9, 35, 9, 41]";"[35, 70, 50, 81, 41]";"[35, 68, 57, 79, 41]";"[35, 51, 13, 0, 25, 27, 84, 41]";"[35, 45, 48, 50, 41]"
4832;"[48, 19, 14, 27]";"[48, 71, 82, 27]";"[48, 71, 50, 27]";"[48, 81, 45, 27]";"[48, 81, 45, 27]";"[48, 81, 50, 27]";"[48, 81, 50, 27]";"[48, 1, 42, 27]";"[48, 69, 72, 79, 70, 13, 0, 27]";"[48, 71, 68, 27]"
4842;"[8, 18, 36, 24]";"[8, 71, 82, 24]";"[8, 71, 82, 24]";"[8, 22, 11, 24]";"[8, 11, 22, 24]";"[8, 9, 23, 24]";"[8, 9, 23, 24]";"[8, 35, 4, 24]";"[8, 13, 15, 71, 70, 9, 22, 24]";"[8, 45, 50, 24]"
4849;"[84, 22, 2]";"[84, 71, 2]";"[84, 71, 2]";"[84, 81, 2]";"[84, 81, 2]";"[84, 81, 2]";"[84, 81, 2]";"[84, 9, 2]";"[84, 22, 2]";"[84, 45, 2]"
4852;"[50, 82, 81, 67, 63, 35]";"[50, 71, 82, 32, 9, 35]";"[50, 71, 82, 32, 15, 35]";"[50, 68, 70, 68, 81, 35]";"[50, 70, 68, 81, 9, 35]";"[50, 70, 81, 50, 81, 35]";"[50, 70, 81, 45, 82, 35]";"[50, 13, 50, 15, 50, 35]";"[50, 71, 81, 0, 25, 27, 42, 84, 9, 13, 35]";"[50, 9, 25, 71, 41, 35]"
4868;"[14, 15, 9]";"[14, 71, 9]";"[14, 71, 9]";"[14, 8, 9]";"[14, 15, 9]";"[14, 15, 9]";"[14, 15, 9]";"[14, 35, 9]";"[14, 17, 13, 9]";"[14, 71, 9]"
4885;"[15, 17, 14, 85, 38]";"[15, 71, 82, 32, 38]";"[15, 71, 82, 50, 38]";"[15, 11, 22, 11, 38]";"[15, 9, 22, 11, 38]";"[15, 81, 50, 81, 38]";"[15, 9, 35, 23, 38]";"[15, 14, 15, 29, 38]";"[15, 13, 71, 0, 29, 25, 42, 38]";"[15, 25, 71, 9, 38]"
4887;"[69, 48, 3, 4]";"[69, 71, 82, 4]";"[69, 71, 41, 4]";"[69, 22, 11, 4]";"[69, 11, 22, 4]";"[69, 48, 84, 4]";"[69, 48, 84, 4]";"[69, 48, 84, 4]";"[69, 71, 13, 9, 84, 4]";"[69, 71, 25, 4]"
4890;"[5, 25, 45, 63, 2, 57, 71, 50, 15]";"[5, 71, 82, 32, 50, 35, 9, 81, 15]";"[5, 71, 82, 50, 45, 81, 35, 32, 15]";"[5, 39, 22, 11, 22, 11, 22, 11, 15]";"[5, 39, 23, 9, 40, 70, 68, 81, 15]";"[5, 81, 45, 81, 45, 81, 45, 81, 15]";"[5, 50, 70, 81, 45, 82, 35, 9, 15]";"[5, 45, 0, 31, 49, 81, 44, 25, 15]";"NA";"NA"
4902;"[44, 31, 81]";"[44, 71, 81]";"[44, 71, 81]";"[44, 68, 81]";"[44, 68, 81]";"[44, 50, 81]";"[44, 50, 81]";"[44, 75, 81]";"[44, 0, 25, 27, 85, 42, 13, 82, 81]";"[44, 25, 81]"
4906;"[32, 50, 71, 70]";"[32, 71, 82, 70]";"[32, 71, 82, 70]";"[32, 70, 68, 70]";"[32, 68, 81, 70]";"[32, 9, 35, 70]";"[32, 9, 35, 70]";"[32, 17, 50, 70]";"[32, 9, 18, 13, 50, 70]";"[32, 71, 25, 70]"
4907;"[16, 19, 85, 71, 50, 35, 70, 23, 9, 22, 84, 41, 4]";"[16, 71, 82, 32, 50, 35, 9, 81, 45, 26, 41, 84, 4]";"[16, 71, 32, 84, 41, 22, 82, 50, 35, 9, 19, 15, 4]";"[16, 11, 22, 11, 22, 11, 22, 11, 22, 11, 22, 11, 4]";"[16, 19, 11, 22, 21, 9, 40, 68, 70, 45, 27, 81, 4]";"[16, 22, 41, 22, 41, 22, 41, 22, 41, 22, 41, 22, 4]";"[16, 19, 21, 22, 41, 32, 9, 35, 70, 81, 50, 84, 4]";"[16, 84, 16, 84, 41, 4, 41, 4, 41, 4, 16, 84, 4]";"NA";"NA"
4915;"[21, 32, 41, 25, 85, 80, 18, 71, 62]";"[21, 71, 82, 32, 50, 35, 9, 81, 62]";"[21, 71, 82, 50, 32, 35, 81, 41, 62]";"[21, 22, 11, 22, 11, 22, 11, 81, 62]";"[21, 11, 22, 9, 81, 68, 70, 57, 62]";"[21, 81, 50, 81, 50, 81, 50, 81, 62]";"[21, 22, 9, 82, 50, 81, 45, 70, 62]";"[21, 15, 10, 78, 35, 21, 9, 44, 62]";"NA";"NA"
4922;"[50, 17, 13, 71]";"[50, 82, 32, 71]";"[50, 82, 35, 71]";"[50, 68, 81, 71]";"[50, 68, 81, 71]";"[50, 81, 50, 71]";"[50, 70, 81, 71]";"[50, 71, 50, 71]";"[50, 13, 70, 82, 45, 0, 44, 81, 71]";"[50, 41, 32, 71]"
4929;"[85, 15, 80]";"[85, 71, 80]";"[85, 71, 80]";"[85, 48, 80]";"[85, 48, 80]";"[85, 84, 80]";"[85, 84, 80]";"[85, 85, 80]";"[85, 27, 25, 42, 80]";"[85, 41, 80]"
4935;"[31, 29, 38]";"[31, 71, 38]";"[31, 71, 38]";"[31, 81, 38]";"[31, 81, 38]";"[31, 81, 38]";"[31, 81, 38]";"[31, 85, 38]";"[31, 0, 44, 81, 82, 50, 13, 42, 38]";"[31, 41, 38]"
4980;"[50, 82, 71, 81, 84, 41]";"[50, 71, 82, 32, 35, 41]";"[50, 71, 82, 35, 32, 41]";"[50, 22, 11, 22, 11, 41]";"[50, 70, 81, 22, 11, 41]";"[50, 70, 81, 50, 81, 41]";"[50, 70, 81, 35, 9, 41]";"[50, 70, 50, 62, 76, 41]";"[50, 0, 81, 82, 15, 17, 13, 8, 9, 16, 84, 22, 41]";"[50, 49, 48, 45, 44, 41]"
4982;"[71, 81, 45]";"[71, 82, 45]";"[71, 82, 45]";"[71, 81, 45]";"[71, 81, 45]";"[71, 81, 45]";"[71, 81, 45]";"[71, 35, 45]";"[71, 81, 0, 45]";"[71, 50, 45]"
4983;"[40, 51, 48, 85, 15, 35]";"[40, 71, 82, 32, 50, 35]";"[40, 71, 50, 82, 32, 35]";"[40, 68, 70, 68, 81, 35]";"[40, 70, 68, 81, 9, 35]";"[40, 35, 9, 35, 9, 35]";"[40, 70, 81, 50, 82, 35]";"[40, 39, 40, 51, 72, 35]";"[40, 51, 69, 84, 13, 82, 81, 44, 0, 75, 67, 68, 71, 50, 70, 35]";"[40, 45, 71, 50, 48, 35]"
5047;"[13, 70, 15, 10, 81, 82]";"[13, 71, 32, 50, 35, 82]";"[13, 71, 50, 35, 15, 82]";"[13, 40, 68, 70, 68, 82]";"[13, 40, 70, 68, 81, 82]";"[13, 81, 50, 81, 50, 82]";"[13, 35, 70, 81, 50, 82]";"[13, 35, 70, 15, 50, 82]";"[13, 0, 25, 29, 71, 82]";"[13, 9, 25, 71, 41, 82]"
5049;"[27, 46, 25]";"[27, 71, 25]";"[27, 71, 25]";"[27, 81, 25]";"[27, 81, 25]";"[27, 45, 25]";"[27, 45, 25]";"[27, 27, 25]";"[27, 42, 16, 22, 9, 8, 13, 17, 15, 0, 25]";"[27, 9, 25]"
5062;"[84, 82, 50]";"[84, 71, 50]";"[84, 71, 50]";"[84, 81, 50]";"[84, 81, 50]";"[84, 81, 50]";"[84, 81, 50]";"[84, 15, 50]";"[84, 35, 13, 50]";"[84, 71, 50]"
5064;"[39, 45, 0, 49]";"[39, 71, 82, 49]";"[39, 71, 82, 49]";"[39, 68, 81, 49]";"[39, 68, 81, 49]";"[39, 68, 81, 49]";"[39, 68, 81, 49]";"[39, 70, 32, 49]";"[39, 48, 69, 50, 13, 44, 0, 45, 46, 49]";"[39, 71, 25, 49]"
5065;"[31, 50, 70, 71, 49]";"[31, 71, 82, 32, 49]";"[31, 71, 82, 81, 49]";"[31, 81, 68, 81, 49]";"[31, 81, 70, 68, 49]";"[31, 81, 45, 81, 49]";"[31, 82, 45, 81, 49]";"[31, 49, 31, 75, 49]";"[31, 0, 13, 42, 84, 69, 51, 10, 79, 57, 62, 49]";"[31, 45, 48, 50, 49]"
5066;"[72, 48, 24]";"[72, 71, 24]";"[72, 71, 24]";"[72, 51, 24]";"[72, 51, 24]";"[72, 51, 24]";"[72, 51, 24]";"[72, 36, 24]";"[72, 48, 24]";"[72, 71, 24]"
5067;"[19, 16, 4, 24]";"[19, 71, 82, 24]";"[19, 71, 32, 24]";"[19, 22, 11, 24]";"[19, 11, 22, 24]";"[19, 16, 19, 24]";"[19, 21, 22, 24]";"[19, 84, 36, 24]";"[19, 42, 13, 79, 51, 69, 24]";"[19, 71, 25, 24]"
5070;"[65, 84, 32]";"[65, 71, 32]";"[65, 71, 32]";"[65, 73, 32]";"[65, 73, 32]";"[65, 84, 32]";"[65, 84, 32]";"NA";"[65, 69, 32]";"[65, 71, 32]"
5096;"[47, 15, 85]";"[47, 71, 85]";"[47, 71, 85]";"[47, 84, 85]";"[47, 84, 85]";"[47, 84, 85]";"[47, 84, 85]";"[47, 53, 85]";"[47, 38, 42, 84, 48, 69, 13, 50, 44, 0, 45, 46, 85]";"[47, 71, 85]"
5101;"[32, 53, 47]";"[32, 71, 47]";"[32, 71, 47]";"[32, 41, 47]";"[32, 41, 47]";"[32, 41, 47]";"[32, 41, 47]";"[32, 48, 47]";"[32, 13, 47]";"[32, 71, 47]"
